[
   {
      "TextID": "STR_MCQCS26LN1",
      "Value": "Hey, have you guys seen Mater? Did you ",
      "MaxSize": 39,
      "IsDynamic": 0
   },
   {
      "TextID": "STR_MCQCS26LN1A",
      "Value": "hook him up with those parts I found?",
      "MaxSize": 64,
      "IsDynamic": 0
   },
   {
      "TextID": "STR_MCQCS26LN1B",
      "Value": "",
      "MaxSize": 0,
      "IsDynamic": 0
   },
   {
      "TextID": "STR_LUICS26LN1",
      "Value": "We have done a horrible thing today. We have created a monster!!",
      "MaxSize": 85,
      "IsDynamic": 0
   },
   {
      "TextID": "STR_LUICS26LN1A",
      "Value": "",
      "MaxSize": 0,
      "IsDynamic": 0
   },
   {
      "TextID": "STR_LUICS26LN2",
      "Value": "A Monster Mater!!",
      "MaxSize": 21,
      "IsDynamic": 0
   },
   {
      "TextID": "STR_LUICS26LN2A",
      "Value": "",
      "MaxSize": 0,
      "IsDynamic": 0
   },
   {
      "TextID": "STR_MATMCS26LN2",
      "Value": "Trash Compactor!!",
      "MaxSize": 25,
      "IsDynamic": 0
   },
   {
      "TextID": "STR_MCQCS26LN2",
      "Value": "Uh, Mater?",
      "MaxSize": 21,
      "IsDynamic": 0
   },
   {
      "TextID": "STR_MCQCS26LN3",
      "Value": "What are you doing?",
      "MaxSize": 23,
      "IsDynamic": 0
   },
   {
      "TextID": "STR_MCQCS26LN3A",
      "Value": "",
      "MaxSize": 0,
      "IsDynamic": 0
   },
   {
      "TextID": "STR_MATMCS26LN3",
      "Value": "I'm bein' a Monster!",
      "MaxSize": 24,
      "IsDynamic": 0
   },
   {
      "TextID": "STR_MATMCS26LN3A",
      "Value": "",
      "MaxSize": 0,
      "IsDynamic": 0
   },
   {
      "TextID": "STR_MATMCS26LN4",
      "Value": "Arrrghh!",
      "MaxSize": 11,
      "IsDynamic": 0
   },
   {
      "TextID": "STR_MATMCS26LN4A",
      "Value": "",
      "MaxSize": 0,
      "IsDynamic": 0
   },
   {
      "TextID": "STR_MATCS26LN5",
      "Value": "I broke my house. Woohoo!! I broke my house!",
      "MaxSize": 60,
      "IsDynamic": 0
   },
   {
      "TextID": "STR_MATMCS26LN6",
      "Value": "Piledriver!",
      "MaxSize": 16,
      "IsDynamic": 0
   },
   {
      "TextID": "STR_MATMCS26LN6A",
      "Value": "",
      "MaxSize": 0,
      "IsDynamic": 0
   },
   {
      "TextID": "STR_MCQCS26LN4",
      "Value": "So now where are you gonna sleep?",
      "MaxSize": 35,
      "IsDynamic": 0
   },
   {
      "TextID": "STR_MATCS26LN8",
      "Value": "Don't matter none. I couldn't fit under there no more anyway.",
      "MaxSize": 71,
      "IsDynamic": 0
   },
   {
      "TextID": "STR_MCQCS26LN5",
      "Value": "It would've been fine after you took off those tires.",
      "MaxSize": 56,
      "IsDynamic": 0
   },
   {
      "TextID": "STR_MATCS26LN9",
      "Value": "But I ain't. I ain't never taking these off!! Never!!",
      "MaxSize": 58,
      "IsDynamic": 0
   },
   {
      "TextID": "STR_MATMCS26LN10",
      "Value": "Tow-rannosaurus Wrecks!  Rrraagghh!!!",
      "MaxSize": 45,
      "IsDynamic": 0
   },
   {
      "TextID": "STR_MCQCS26LN6",
      "Value": "This may have been a mistake. ",
      "MaxSize": 41,
      "IsDynamic": 0
   }
]