[
   {
      "TextID": "STR_MCQCS09LN1",
      "Value": "Can you see anything with your night-vision goggles, Sarge?",
      "MaxSize": 72,
      "IsDynamic": 0
   },
   {
      "TextID": "STR_SARCS09LN1",
      "Value": "Shh.  Whatever's out here, it's down there.",
      "MaxSize": 60,
      "IsDynamic": 0
   },
   {
      "TextID": "STR_MCQCS09LN2",
      "Value": "Yeah, somehow I don't really think it's the Ghostlight.",
      "MaxSize": 68,
      "IsDynamic": 0
   },
   {
      "TextID": "STR_SARCS09LN2",
      "Value": "Incoming!",
      "MaxSize": 18,
      "IsDynamic": 0
   },
   {
      "TextID": "STR_SARCS09LN2A",
      "Value": "",
      "MaxSize": 0,
      "IsDynamic": 0
   },
   {
      "TextID": "STR_MCQCS09LN4",
      "Value": "Are you crazy?!",
      "MaxSize": 19,
      "IsDynamic": 0
   },
   {
      "TextID": "STR_SVENCS09LN2",
      "Value": "I'm not crazy, I'm Gudmund.",
      "MaxSize": 38,
      "IsDynamic": 0
   },
   {
      "TextID": "STR_SARCS09LN3A",
      "Value": "You're a trespasser is what you are, state your purpose! ",
      "MaxSize": 66,
      "IsDynamic": 0
   },
   {
      "TextID": "STR_SVENCS09LN3",
      "Value": "Oh. Well! Let's see. Rally car. Rally champion racer, ",
      "MaxSize": 71,
      "IsDynamic": 0
   },
   {
      "TextID": "STR_SVENCS09LN3A",
      "Value": "actually. From Sweden. Nice to meet you, Angry Sergeant.",
      "MaxSize": 58,
      "IsDynamic": 0
   },
   {
      "TextID": "STR_SARCS09LN4",
      "Value": "Angry Sergeant is right!  I should have",
      "MaxSize": 54,
      "IsDynamic": 0
   },
   {
      "TextID": "STR_SARCS09LN4A",
      "Value": "you court-martialed for reckless conduct!",
      "MaxSize": 53,
      "IsDynamic": 0
   },
   {
      "TextID": "STR_MCQCS09LN5",
      "Value": "Sarge, I think he's here for the races.",
      "MaxSize": 56,
      "IsDynamic": 0
   },
   {
      "TextID": "STR_MCQCS09LN6",
      "Value": "Right?",
      "MaxSize": 10,
      "IsDynamic": 0
   },
   {
      "TextID": "STR_SVENCS09LN4",
      "Value": "Oh my goodness!  It is Lightning McQueen!  You have a ",
      "MaxSize": 79,
      "IsDynamic": 0
   },
   {
      "TextID": "STR_SVENCS09LN4A",
      "Value": "great track down there, a little dark, but not a problem.",
      "MaxSize": 74,
      "IsDynamic": 0
   },
   {
      "TextID": "STR_SVENCS09LN5",
      "Value": "Would you like to join me for a race?",
      "MaxSize": 49,
      "IsDynamic": 0
   },
   {
      "TextID": "STR_MCQCS09LN7",
      "Value": "Uh, sorry... I can't.  No headlights.",
      "MaxSize": 54,
      "IsDynamic": 0
   },
   {
      "TextID": "STR_SVENCS09LN6",
      "Value": "Afraid of the dark?",
      "MaxSize": 27,
      "IsDynamic": 0
   },
   {
      "TextID": "STR_MCQCS09LN8",
      "Value": "No, afraid of crashing.",
      "MaxSize": 30,
      "IsDynamic": 0
   },
   {
      "TextID": "STR_SARCS09LN5",
      "Value": "A good soldier must always learn to adapt and improvise!",
      "MaxSize": 68,
      "IsDynamic": 0
   },
   {
      "TextID": "STR_SARCS09LN6",
      "Value": "",
      "MaxSize": 0,
      "IsDynamic": 0
   },
   {
      "TextID": "STR_MCQCS09LN10",
      "Value": "Whoa, this is cool!  Night racing at Lightning speed!",
      "MaxSize": 68,
      "IsDynamic": 0
   }
]