[
   {
      "TextID": "STR_MCQCS10LN1C",
      "Value": "Those are some pretty amazing lights you got there, Gudmund.",
      "MaxSize": 60,
      "IsDynamic": 0
   },
   {
      "TextID": "STR_SVENCS10LN1",
      "Value": "They keep the Haunted Hook away, you know?",
      "MaxSize": 54,
      "IsDynamic": 0
   },
   {
      "TextID": "STR_MCQCS10LN2",
      "Value": "Keeps the who away?",
      "MaxSize": 28,
      "IsDynamic": 0
   },
   {
      "TextID": "STR_MCQCS10LN2A",
      "Value": "",
      "MaxSize": 0,
      "IsDynamic": 0
   },
   {
      "TextID": "STR_SVENCS10LN3",
      "Value": "The Haunted Hook.  A scary story from when I was young. A rugged ",
      "MaxSize": 65,
      "IsDynamic": 0
   },
   {
      "TextID": "STR_SVENCS10LN4A",
      "Value": "beast living in the wild, constructed of jagged, rusted metal, ",
      "MaxSize": 78,
      "IsDynamic": 0
   },
   {
      "TextID": "STR_SVENCS10LN4B",
      "Value": "and dragging a razor-sharp hook behind him on the ground. He would ",
      "MaxSize": 68,
      "IsDynamic": 0
   },
   {
      "TextID": "STR_SVENCS10LN4C",
      "Value": "wander the deserted roads in the dark of night.  Scrape.  Scrape.",
      "MaxSize": 70,
      "IsDynamic": 0
   },
   {
      "TextID": "STR_SVENCS10LN4D",
      "Value": "",
      "MaxSize": 0,
      "IsDynamic": 0
   },
   {
      "TextID": "STR_MCQCS10LN3",
      "Value": "Hey Mater!  C'mere, I want you to meet someone!",
      "MaxSize": 61,
      "IsDynamic": 0
   },
   {
      "TextID": "STR_MCQCS10LN3A",
      "Value": "",
      "MaxSize": 0,
      "IsDynamic": 0
   },
   {
      "TextID": "STR_MATCS10LN1",
      "Value": "Aaaaaghhhh!!! The Ghostlight!!!  ",
      "MaxSize": 38,
      "IsDynamic": 0
   },
   {
      "TextID": "STR_SVENCS10LN5",
      "Value": "Aaaghhhh!!!! The Haunted Hook!!!",
      "MaxSize": 35,
      "IsDynamic": 0
   },
   {
      "TextID": "STR_SVENCS10LN5A",
      "Value": "",
      "MaxSize": 0,
      "IsDynamic": 0
   }
]