[
   {
      "TextID": "STR_LT_RACE_1",
      "Value": "Learn to TILT to make really quick turns.",
      "MaxSize": 79,
      "IsDynamic": 0
   },
   {
      "TextID": "STR_LT_RACE_2",
      "Value": "Don't forget to BOOST to go faster on straight-aways.",
      "MaxSize": 69,
      "IsDynamic": 0
   },
   {
      "TextID": "STR_LT_RACE_3",
      "Value": "POWERSLIDE to make tighter turns.",
      "MaxSize": 55,
      "IsDynamic": 0
   },
   {
      "TextID": "STR_LT_RACE_4",
      "Value": "Try backwards driving sometimes.\r\nYou can earn lots more bonus points that way.",
      "MaxSize": 103,
      "IsDynamic": 0
   },
   {
      "TextID": "STR_LT_RACE_5",
      "Value": "Do not go so fast in curves that you lose control:\r\ntake sharp turns more carefully.",
      "MaxSize": 119,
      "IsDynamic": 0
   },
   {
      "TextID": "STR_LT_RACE_6",
      "Value": "Try to stay on the track!\r\nIf you go too far off, you will be reset and lose time!",
      "MaxSize": 117,
      "IsDynamic": 0
   },
   {
      "TextID": "STR_LT_RACE_7",
      "Value": "If you fall behind, try taking some shortcuts to catch up.",
      "MaxSize": 94,
      "IsDynamic": 0
   },
   {
      "TextID": "STR_LT_RACE_8",
      "Value": "Look for the big, yellow arrows above your teammates\r\nto make sure you don\u2019t miss any handoffs.",
      "MaxSize": 126,
      "IsDynamic": 0
   },
   {
      "TextID": "STR_LT_RACE_9",
      "Value": "Be sure you make every handoff.\r\nIf you miss one, your speed will drop to zero.",
      "MaxSize": 94,
      "IsDynamic": 0
   },
   {
      "TextID": "STR_LT_RACE_10",
      "Value": "Make sure you get every gate:\r\nfollow the arrow at the top of the screen.",
      "MaxSize": 112,
      "IsDynamic": 0
   },
   {
      "TextID": "STR_LT_RACE_11",
      "Value": "If you miss a gate, be sure to go back to get it,\r\nbefore continuing the race.",
      "MaxSize": 97,
      "IsDynamic": 0
   },
   {
      "TextID": "STR_LT_RACE_12",
      "Value": "To adjust your powerslide while turning,\r\nrelease, then powerslide again.",
      "MaxSize": 105,
      "IsDynamic": 0
   },
   {
      "TextID": "STR_LT_RACE_13",
      "Value": "Are you turning too tight during a powerslide?\r\nRelease, then powerslide again",
      "MaxSize": 97,
      "IsDynamic": 0
   },
   {
      "TextID": "STR_LT_TT_1",
      "Value": "To win, you have to tip all the tractors\r\nbefore the timer counts down to zero.",
      "MaxSize": 83,
      "IsDynamic": 0
   },
   {
      "TextID": "STR_LT_TT_2",
      "Value": "Check out your Mater-National Player Stats from the Pause Menu.",
      "MaxSize": 88,
      "IsDynamic": 0
   },
   {
      "TextID": "STR_LT_TT_3",
      "Value": "Avoid the lights or Frank will spot you!",
      "MaxSize": 55,
      "IsDynamic": 0
   },
   {
      "TextID": "STR_LT_TT_4",
      "Value": "Stay away from Frank and his headlights!",
      "MaxSize": 65,
      "IsDynamic": 0
   },
   {
      "TextID": "STR_LT_TT_5",
      "Value": "You can turn the automatic camera moves off\r\non the game options screen.",
      "MaxSize": 104,
      "IsDynamic": 0
   },
   {
      "TextID": "STR_LT_TT_6",
      "Value": "Beat all six Tractor Tipping levels to earn a sticker.",
      "MaxSize": 88,
      "IsDynamic": 0
   },
   {
      "TextID": "STR_LT_TT_7",
      "Value": "The grass on hills is slippery;\r\nget a running start before trying to go up them.",
      "MaxSize": 101,
      "IsDynamic": 0
   },
   {
      "TextID": "STR_LT_FFF_1",
      "Value": "Don\u2019t overfill your gas tank!\r\nSave the big cans for when you\u2019re almost out and really need them.",
      "MaxSize": 147,
      "IsDynamic": 0
   },
   {
      "TextID": "STR_LT_FFF_2",
      "Value": "Don\u2019t go so fast you can\u2019t pick up enough fuel to keep going!",
      "MaxSize": 95,
      "IsDynamic": 0
   },
   {
      "TextID": "STR_LT_FFF_3",
      "Value": "In Fillmore's Fuel Frenzy, boost wastes gas.\r\nUse it only if you really need to get somewhere fast.",
      "MaxSize": 127,
      "IsDynamic": 0
   },
   {
      "TextID": "STR_LT_FFF_4",
      "Value": "Cans respawn only a few times,\r\nso try to plan which ones to pick up on each lap.",
      "MaxSize": 125,
      "IsDynamic": 0
   },
   {
      "TextID": "STR_LT_FFF_5",
      "Value": "The key to scoring a high lap count is\r\nwasting as little gas as possible.",
      "MaxSize": 104,
      "IsDynamic": 0
   },
   {
      "TextID": "STR_LT_FFF_6",
      "Value": "No matter your speed, you use gas at the same rate,\r\nso going fast is usually better than going slow.",
      "MaxSize": 123,
      "IsDynamic": 0
   },
   {
      "TextID": "STR_LT_FFF_7",
      "Value": "Beat all nine Fillmore\u2019s Fuel Frenzy levels to earn a sticker.",
      "MaxSize": 90,
      "IsDynamic": 0
   },
   {
      "TextID": "STR_LT_FFF_8",
      "Value": "Use boost only to get a canister before your opponent does.",
      "MaxSize": 86,
      "IsDynamic": 0
   },
   {
      "TextID": "STR_LT_RRR_1",
      "Value": "Follow the rhythm of the song,\r\nand press buttons in time with the music.",
      "MaxSize": 78,
      "IsDynamic": 0
   },
   {
      "TextID": "STR_LT_RRR_2",
      "Value": "Circular notes indicate chords,\r\nmultiple buttons you have to press at the same time.",
      "MaxSize": 111,
      "IsDynamic": 0
   },
   {
      "TextID": "STR_LT_RRR_3",
      "Value": "Hitting notes perfectly in time gives you double points. ",
      "MaxSize": 74,
      "IsDynamic": 0
   },
   {
      "TextID": "STR_LT_RRR_4",
      "Value": "The more presses you get in a row, the more excited\r\nRamone will get, and the more points you will score.",
      "MaxSize": 112,
      "IsDynamic": 0
   },
   {
      "TextID": "STR_LT_RRR_5",
      "Value": "Beat all seven Ramone's Rhythmic Rumble levels to earn a sticker.",
      "MaxSize": 94,
      "IsDynamic": 0
   },
   {
      "TextID": "STR_LT_RRR_6",
      "Value": "Sets of same-color notes are attack groups.\r\nGet all notes in an attack group to handicap your opponent.",
      "MaxSize": 163,
      "IsDynamic": 0
   },
   {
      "TextID": "STR_LT_GL_1",
      "Value": "Drive toward the big, yellow arrows to\r\nscare Mater into going faster!",
      "MaxSize": 96,
      "IsDynamic": 0
   },
   {
      "TextID": "STR_LT_GL_2",
      "Value": "Remember to steer LEFT to go RIGHT!",
      "MaxSize": 60,
      "IsDynamic": 0
   },
   {
      "TextID": "STR_LT_GL_3",
      "Value": "Be sure to guide Mater all the way back to his junkyard to win.",
      "MaxSize": 78,
      "IsDynamic": 0
   },
   {
      "TextID": "STR_LT_GL_4",
      "Value": "Beat all seven levels to get the Ghosting Mater sticker.",
      "MaxSize": 78,
      "IsDynamic": 0
   },
   {
      "TextID": "STR_LT_RAC_1",
      "Value": "Chase and tag your opponent,\r\nthen turn around and speed toward your goal.  Try not to get caught!",
      "MaxSize": 111,
      "IsDynamic": 0
   },
   {
      "TextID": "STR_LT_RAC_2",
      "Value": "If you are tagged, it is your turn to chase.\r\nHurry up!  You lose if your opponent reaches his or her goal.",
      "MaxSize": 138,
      "IsDynamic": 0
   },
   {
      "TextID": "STR_LT_RAC_3",
      "Value": "Each player has a goal.\u00a0 Race to yours first to win!",
      "MaxSize": 79,
      "IsDynamic": 0
   },
   {
      "TextID": "STR_LT_RAC_4",
      "Value": "Learn to use TILT to make really quick turns.",
      "MaxSize": 61,
      "IsDynamic": 0
   },
   {
      "TextID": "STR_LT_RAC_5",
      "Value": "Try not to drive too straight.  That makes you easier to catch.",
      "MaxSize": 87,
      "IsDynamic": 0
   },
   {
      "TextID": "STR_LT_LL_1",
      "Value": "The map on the left shows the locations of the laugh canister,\r\nthe garage doors, Mike, and Sulley.",
      "MaxSize": 117,
      "IsDynamic": 0
   },
   {
      "TextID": "STR_LT_LL_2",
      "Value": "Use the garage doors to instantly transport to a new location!",
      "MaxSize": 85,
      "IsDynamic": 0
   },
   {
      "TextID": "STR_LT_LL_3",
      "Value": "The garage doors are paired by color:\r\nthe blue one transports you to the other blue one, for example.",
      "MaxSize": 128,
      "IsDynamic": 0
   },
   {
      "TextID": "STR_LT_LL_4",
      "Value": "Sometimes you can reach a canister\r\nmore quickly by using a garage door.",
      "MaxSize": 91,
      "IsDynamic": 0
   },
   {
      "TextID": "STR_LT_LL_5",
      "Value": "Save boost for when you really need it,\r\nlike when your opponent might beat you to the next canister.",
      "MaxSize": 150,
      "IsDynamic": 0
   },
   {
      "TextID": "STR_LT_EX_1",
      "Value": "Explore the countryside!\r\nLightning bolts, paintjobs and wheels can be anywhere.",
      "MaxSize": 90,
      "IsDynamic": 0
   },
   {
      "TextID": "STR_LT_EX_2",
      "Value": "Win the Rustbucket Series final to earn a sticker.",
      "MaxSize": 77,
      "IsDynamic": 0
   },
   {
      "TextID": "STR_LT_EX_3",
      "Value": "When choosing a car to race with,\r\nlook at the stats to find which one best fits your driving style.",
      "MaxSize": 130,
      "IsDynamic": 0
   },
   {
      "TextID": "STR_LT_EX_4",
      "Value": "In most mini-games and races,\r\nyou can earn extra points by backwards driving.",
      "MaxSize": 117,
      "IsDynamic": 0
   },
   {
      "TextID": "STR_LT_EX_5",
      "Value": "You get more boost after you beat all the races in\r\nRadiator Springs and again after Ornament Valley.",
      "MaxSize": 169,
      "IsDynamic": 0
   },
   {
      "TextID": "STR_LT_EX_6",
      "Value": "Earn all seven Stickers and all 350 Bolt banners to beat the game!",
      "MaxSize": 100,
      "IsDynamic": 0
   },
   {
      "TextID": "STR_LT_EX_7",
      "Value": "To earn all the Bolt Banners,\r\nyou have to win every race and beat every level of every mini-game.",
      "MaxSize": 123,
      "IsDynamic": 0
   },
   {
      "TextID": "STR_LT_EX_8",
      "Value": "Head over to the drive-in for some mattress-bouncing fun!",
      "MaxSize": 77,
      "IsDynamic": 0
   },
   {
      "TextID": "STR_LT_EX_9",
      "Value": "Press CROUCH and then quickly press RAISE to jump!",
      "MaxSize": 71,
      "IsDynamic": 0
   },
   {
      "TextID": "STR_LT_EX_10",
      "Value": "On the matresses, press CROUCH and then quickly press RAISE to bounce higher and higher.",
      "MaxSize": 111,
      "IsDynamic": 0
   },
   {
      "TextID": "STR_LT_EX_11",
      "Value": "To earn a sticker,\r\nwin the final of the Monster Truck Waypoint race series.",
      "MaxSize": 94,
      "IsDynamic": 0
   },
   {
      "TextID": "STR_LT_EX_12",
      "Value": "Win the Rustbucket Series final to earn a sticker.",
      "MaxSize": 77,
      "IsDynamic": 0
   },
   {
      "TextID": "STR_LT_EX_13",
      "Value": "Is the game too easy or too hard?\r\nYou can change the difficulty from Game Options on the Pause Menu.",
      "MaxSize": 150,
      "IsDynamic": 0
   },
   {
      "TextID": "STR_LT_EX_14",
      "Value": "Check out your Mater-National Player Stats from the Pause Menu.",
      "MaxSize": 88,
      "IsDynamic": 0
   },
   {
      "TextID": "STR_LT_EX_15",
      "Value": "When you are up in the air during a big jump, \r\npress STEER LEFT to slide left or STEER RIGHT to slide right.",
      "MaxSize": 157,
      "IsDynamic": 0
   },
   {
      "TextID": "STR_LT_EX_16",
      "Value": "To turn your car when you are airborne,\r\nuse the powersliding controls. ",
      "MaxSize": 88,
      "IsDynamic": 0
   },
   {
      "TextID": "STR_LT_EX_17",
      "Value": "You are making Lightning McQueen into a monster truck.\r\nLook around Radiator Springs for the parts.",
      "MaxSize": 119,
      "IsDynamic": 0
   },
   {
      "TextID": "STR_LT_EX_18",
      "Value": "There are six Monster Mater parts:\r\nuse the Metal Detector to find them around Radiator Springs",
      "MaxSize": 125,
      "IsDynamic": 0
   },
   {
      "TextID": "STR_LT_EX_19",
      "Value": "Remember: on the map, white stars mark new story points,\r\nand white dots indicate unplayed events",
      "MaxSize": 166,
      "IsDynamic": 0
   },
   {
      "TextID": "STR_LT_EX_20",
      "Value": "Look at the world map from time to time.\r\nIt shows you where all the new and unlocked events are.",
      "MaxSize": 111,
      "IsDynamic": 0
   },
   {
      "TextID": "STR_LT_EX_21",
      "Value": "Don't know what to do next?\r\nCheck out the Hint on the Pause Menu",
      "MaxSize": 76,
      "IsDynamic": 0
   },
   {
      "TextID": "STR_LT_EX_22",
      "Value": "To unlock the three Stadium Races,\r\nyou need to earn 25, 75, and 160 Bolt Banners, respectively.",
      "MaxSize": 105,
      "IsDynamic": 0
   },
   {
      "TextID": "STR_LT_EX_23",
      "Value": "When you look at the map, be sure to visit all three pages:\r\nRadiator Springs, Ornament Valley, and Tailfin Pass.",
      "MaxSize": 123,
      "IsDynamic": 0
   },
   {
      "TextID": "STR_LOADING_TITLE",
      "Value": "LOADING",
      "MaxSize": 14,
      "IsDynamic": 0
   }
]