[
   {
      "TextID": "STR_TT_RESULTS_MSG",
      "Value": "TRACTORS IS SO STUPID!",
      "MaxSize": 31,
      "IsDynamic": 0
   },
   {
      "TextID": "STR_TT_RESULTS_FAIL_MSG",
      "Value": "YOU DIDN'T TIP ALL THE TRACTORS.",
      "MaxSize": 41,
      "IsDynamic": 0
   },
   {
      "TextID": "STR_TT_INSTRUCTIONS1",
      "Value": "Tip all tractors and avoid the spotlights",
      "MaxSize": 59,
      "IsDynamic": 0
   },
   {
      "TextID": "STR_TT_INSTRUCTIONS2",
      "Value": "Don't make too much noise - sneak when you're on gravel to be quiet",
      "MaxSize": 81,
      "IsDynamic": 0
   },
   {
      "TextID": "STR_TT_INSTRUCTIONS3",
      "Value": "Watch out for Frank!",
      "MaxSize": 29,
      "IsDynamic": 0
   },
   {
      "TextID": "STR_TT_INSTRUCTIONS4",
      "Value": "DRIVE (%s, %s, %s, %s)",
      "MaxSize": 25,
      "IsDynamic": 0
   },
   {
      "TextID": "STR_TT_INSTRUCTIONS5",
      "Value": "TIP TRACTOR (%s)",
      "MaxSize": 26,
      "IsDynamic": 0
   },
   {
      "TextID": "STR_TT_HEADER",
      "Value": "TRACTOR TIPPING",
      "MaxSize": 23,
      "IsDynamic": 0
   },
   {
      "TextID": "STR_TRACTOR_TIPPING_TIP_ALL_TRACTORS",
      "Value": "TIP ALL TRACTORS:",
      "MaxSize": 29,
      "IsDynamic": 0
   },
   {
      "TextID": "STR_GOT_CAUGHT_MSG",
      "Value": "YOU GOT CAUGHT!",
      "MaxSize": 24,
      "IsDynamic": 0
   },
   {
      "TextID": "STR_WON_MSG",
      "Value": "YOU WIN!",
      "MaxSize": 17,
      "IsDynamic": 0
   },
   {
      "TextID": "STR_ON_GRAVEL_MSG1",
      "Value": "YOU'RE ON GRAVEL!",
      "MaxSize": 26,
      "IsDynamic": 0
   },
   {
      "TextID": "STR_ON_GRAVEL_MSG2",
      "Value": "Move slowly to sneak.",
      "MaxSize": 38,
      "IsDynamic": 0
   },
   {
      "TextID": "STR_TIP_THE_TRACTOR_MSG1",
      "Value": "TIP THE TRACTOR!",
      "MaxSize": 22,
      "IsDynamic": 0
   },
   {
      "TextID": "STR_TIP_THE_TRACTOR_MSG2",
      "Value": "Approach it and press %s",
      "MaxSize": 55,
      "IsDynamic": 0
   },
   {
      "TextID": "STR_BLOCKED_A_TRACTOR_MSG",
      "Value": "YOU BLOCKED A TRACTOR WITH A WAGON!",
      "MaxSize": 52,
      "IsDynamic": 0
   },
   {
      "TextID": "STR_MISSED_A_TRACTOR_MSG",
      "Value": "YOU MISSED A TRACTOR!",
      "MaxSize": 34,
      "IsDynamic": 0
   },
   {
      "TextID": "STR_PUSH_SIGN_MSG1",
      "Value": "Push the Sign!",
      "MaxSize": 20,
      "IsDynamic": 0
   },
   {
      "TextID": "STR_PUSH_SIGN_MSG2",
      "Value": "Drive into the sign to raise or lower the bridge",
      "MaxSize": 62,
      "IsDynamic": 0
   },
   {
      "TextID": "STR_TIME_UP_MSG",
      "Value": "YOU RAN OUT OF TIME!",
      "MaxSize": 31,
      "IsDynamic": 0
   },
   {
      "TextID": "STR_TT_SELECT_01",
      "Value": "Beat the first three levels of Tractor Tipping\u00a0 to help unlock more mini-games",
      "MaxSize": 106,
      "IsDynamic": 0
   },
   {
      "TextID": "STR_TT_SELECT_02",
      "Value": "Beat all Tractor Tipping levels to earn a sticker!",
      "MaxSize": 89,
      "IsDynamic": 0
   },
   {
      "TextID": "STR_TT_SELECT_03",
      "Value": "Congratulations!\u00a0 You have beaten all the Tractor Tipping levels!",
      "MaxSize": 86,
      "IsDynamic": 0
   },
   {
      "TextID": "STR_TT_SELECT_04",
      "Value": "Beat the first three levels to unlock Ghosting Mater!",
      "MaxSize": 80,
      "IsDynamic": 0
   },
   {
      "TextID": "STR_TT_SELECT_05",
      "Value": "Beat level three to unlock Ghosting Mater at end of Main Street!!",
      "MaxSize": 99,
      "IsDynamic": 0
   },
   {
      "TextID": "STR_TT_SELECT_06",
      "Value": "After this, race some more in Ornament Valley",
      "MaxSize": 65,
      "IsDynamic": 0
   },
   {
      "TextID": "STR_TT_SELECT_07",
      "Value": "Race some more in Ornament Valley",
      "MaxSize": 49,
      "IsDynamic": 0
   },
   {
      "TextID": "STR_TT_SELECT_08",
      "Value": "Head to the Radiator Spring Court House to start Ghosting Mater",
      "MaxSize": 83,
      "IsDynamic": 0
   },
   {
      "TextID": "STR_TT_SELECT_09",
      "Value": "Beat all the remaining Tractor Tipping levels to win a sticker.",
      "MaxSize": 97,
      "IsDynamic": 0
   },
   {
      "TextID": "STR_TT_SELECT_10",
      "Value": "One more level to go to win the Frank Slash sticker!",
      "MaxSize": 65,
      "IsDynamic": 0
   },
   {
      "TextID": "STR_TT_AWARD_01",
      "Value": "Beat this level to help unlock more mini-games",
      "MaxSize": 79,
      "IsDynamic": 0
   },
   {
      "TextID": "STR_TT_AWARD_02",
      "Value": "Beat this level to win Frank Slash!",
      "MaxSize": 79,
      "IsDynamic": 0
   },
   {
      "TextID": "STR_TT_PROGRESS_01",
      "Value": "Win the Frank Slash sticker after level TTmax!",
      "MaxSize": 112,
      "IsDynamic": 0
   }
]