[
   {
      "TextID": "STR_MCQCS08LN1",
      "Value": "Whoa, Mater, what's going on?!",
      "MaxSize": 37,
      "IsDynamic": 0
   },
   {
      "TextID": "STR_MATCS08LN1",
      "Value": "(out of breath) Don't go into Ornament Valley!",
      "MaxSize": 46,
      "IsDynamic": 0
   },
   {
      "TextID": "STR_MCQCS08LN2",
      "Value": "Why?  What's wrong?",
      "MaxSize": 35,
      "IsDynamic": 0
   },
   {
      "TextID": "STR_MATCS08LN2",
      "Value": "I seen some weird lights up in them hills! ",
      "MaxSize": 53,
      "IsDynamic": 0
   },
   {
      "TextID": "STR_MATCS08LN2A",
      "Value": "(beat) I think it's the Ghostlight!",
      "MaxSize": 41,
      "IsDynamic": 0
   },
   {
      "TextID": "STR_MCQCS08LN3",
      "Value": "Really.  The Ghostlight.",
      "MaxSize": 32,
      "IsDynamic": 0
   },
   {
      "TextID": "STR_MATCS08LN3",
      "Value": "Yeah, and it's makin' an awful sound too, it sounds",
      "MaxSize": 70,
      "IsDynamic": 0
   },
   {
      "TextID": "STR_MATCS08LN3A",
      "Value": "just like this: Wha-hoo-wha-hoo-wha-hoooooo!!!!",
      "MaxSize": 64,
      "IsDynamic": 0
   },
   {
      "TextID": "STR_MCQCS08LN4",
      "Value": "I dunno, maybe it's just Frank.",
      "MaxSize": 66,
      "IsDynamic": 0
   },
   {
      "TextID": "STR_MATCS08LN4",
      "Value": "No, Frank don't sound like that, Frank goes ",
      "MaxSize": 45,
      "IsDynamic": 0
   },
   {
      "TextID": "STR_MATCS08LN4A",
      "Value": "like this: Wow-oh-wow-oh-wow-oh!",
      "MaxSize": 34,
      "IsDynamic": 0
   },
   {
      "TextID": "STR_MCQCS08LN5",
      "Value": "Aw, I remember it more like this:",
      "MaxSize": 43,
      "IsDynamic": 0
   },
   {
      "TextID": "STR_MCQCS08LN6",
      "Value": "Mrrrooaaawwwwoooooo!!!!",
      "MaxSize": 24,
      "IsDynamic": 0
   },
   {
      "TextID": "STR_MCQCS08LN7",
      "Value": "(more Frank mooing noises, playing off ",
      "MaxSize": 39,
      "IsDynamic": 0
   },
   {
      "TextID": "STR_MCQCS08LN7A",
      "Value": "Mater, who is doing the same thing)",
      "MaxSize": 35,
      "IsDynamic": 0
   },
   {
      "TextID": "STR_SARCS08LN1",
      "Value": "What are you two doin'?",
      "MaxSize": 33,
      "IsDynamic": 0
   },
   {
      "TextID": "STR_SARCS08LN2",
      "Value": "I've been hearing reports of unidentified phenomena out here, ",
      "MaxSize": 72,
      "IsDynamic": 0
   },
   {
      "TextID": "STR_SARCS08LN2A",
      "Value": "only to find out it's just - what's that?",
      "MaxSize": 57,
      "IsDynamic": 0
   },
   {
      "TextID": "STR_MATCS08LN6",
      "Value": "It's the Ghostlight!",
      "MaxSize": 28,
      "IsDynamic": 0
   },
   {
      "TextID": "STR_SARCS08LN3",
      "Value": "Stay here, son.  This is a military operation.",
      "MaxSize": 63,
      "IsDynamic": 0
   }
]