[
   {
      "TextID": "STR_MATCS29LN2",
      "Value": "Did ya see that one, he went like <scared tractor noise>!!",
      "MaxSize": 58,
      "IsDynamic": 0
   },
   {
      "TextID": "STR_MATCS29LN2A",
      "Value": "",
      "MaxSize": 0,
      "IsDynamic": 0
   },
   {
      "TextID": "STR_MCQCS29LN2",
      "Value": "Still, don't you feel kinda bad for 'em?",
      "MaxSize": 57,
      "IsDynamic": 0
   },
   {
      "TextID": "STR_MATCS29LN3",
      "Value": "Naw, it's okay. I mean, shoot, this is the most exciting things ",
      "MaxSize": 91,
      "IsDynamic": 0
   },
   {
      "TextID": "STR_MATCS29LN3A",
      "Value": "that's happened to them in a long time.  I mean, if tractors could",
      "MaxSize": 79,
      "IsDynamic": 0
   },
   {
      "TextID": "STR_MATCS29LN3B",
      "Value": "talk, I bet, I bet they'd thank us!  They'd say, um, uh...",
      "MaxSize": 62,
      "IsDynamic": 0
   },
   {
      "TextID": "STR_MCQCS29LN3",
      "Value": "Moo?",
      "MaxSize": 8,
      "IsDynamic": 0
   },
   {
      "TextID": "STR_MATCS29LN4",
      "Value": "No, they'd say, um...",
      "MaxSize": 29,
      "IsDynamic": 0
   },
   {
      "TextID": "STR_MATCS29LN4A",
      "Value": "",
      "MaxSize": 0,
      "IsDynamic": 0
   },
   {
      "TextID": "STR_MCQCS29LN5",
      "Value": "No, this way!",
      "MaxSize": 19,
      "IsDynamic": 0
   },
   {
      "TextID": "STR_MCQCS29LN5A",
      "Value": "",
      "MaxSize": 0,
      "IsDynamic": 0
   }
]