[
   {
      "TextID": "STR_RR_HEADER",
      "Value": "LUIGI AND GUIDO'S TEAM RELAY",
      "MaxSize": 35,
      "IsDynamic": 0
   },
   {
      "TextID": "STR_RR_INFO1",
      "Value": "This is a three stage race, one stage for each of your cars.",
      "MaxSize": 73,
      "IsDynamic": 0
   },
   {
      "TextID": "STR_PS2_RR_INFO1",
      "Value": "This is a two stage race, one stage for each of your cars.",
      "MaxSize": 74,
      "IsDynamic": 0
   },
   {
      "TextID": "STR_RR_INFO2",
      "Value": "Start the race driving your first car.",
      "MaxSize": 47,
      "IsDynamic": 0
   },
   {
      "TextID": "STR_RR_INFO3",
      "Value": "When you see your next car, drive toward it to tag the car.",
      "MaxSize": 80,
      "IsDynamic": 0
   },
   {
      "TextID": "STR_RR_INFO4",
      "Value": "If you miss a tag, you'll lose speed.",
      "MaxSize": 62,
      "IsDynamic": 0
   },
   {
      "TextID": "STR_RR_INFO5",
      "Value": "Get your third car across the finish line first to win.",
      "MaxSize": 79,
      "IsDynamic": 0
   },
   {
      "TextID": "STR_PS2_RR_INFO5",
      "Value": "Get your second car across the finish line first to win.",
      "MaxSize": 78,
      "IsDynamic": 0
   },
   {
      "TextID": "STR_TEAM",
      "Value": "TEAM:",
      "MaxSize": 9,
      "IsDynamic": 0
   },
   {
      "TextID": "STR_RR_NEXT",
      "Value": "Next",
      "MaxSize": 10,
      "IsDynamic": 0
   },
   {
      "TextID": "STR_RR_SELECT_01",
      "Value": "Win the last Relay Race to finish the Maternational",
      "MaxSize": 88,
      "IsDynamic": 0
   },
   {
      "TextID": "STR_RR_SELECT_02",
      "Value": "There are four Relay Races in the game, and the last one closes out the Maternational",
      "MaxSize": 103,
      "IsDynamic": 0
   },
   {
      "TextID": "STR_RR_SELECT_03",
      "Value": "Win this Relay Race to unlock the Radiator Springs boss race",
      "MaxSize": 84,
      "IsDynamic": 0
   },
   {
      "TextID": "STR_RR_SELECT_04",
      "Value": "Beat this race to help unlock more races in Radiator Springs",
      "MaxSize": 85,
      "IsDynamic": 0
   },
   {
      "TextID": "STR_RR_SELECT_05",
      "Value": "There are four Relay Races, including the game finale",
      "MaxSize": 73,
      "IsDynamic": 0
   },
   {
      "TextID": "STR_RR_SELECT_06",
      "Value": "Congratulations \u2013 you have beaten all the Relay Races!",
      "MaxSize": 63,
      "IsDynamic": 0
   },
   {
      "TextID": "STR_RR_SELECT_07",
      "Value": "Win this Relay Race to unlock the Ornament Valley boss race",
      "MaxSize": 83,
      "IsDynamic": 0
   },
   {
      "TextID": "STR_RR_SELECT_08",
      "Value": "Beat this race to help unlock more races in Ornament Valley",
      "MaxSize": 84,
      "IsDynamic": 0
   },
   {
      "TextID": "STR_RR_SELECT_09",
      "Value": "There are four Relay Races, including the game finale",
      "MaxSize": 73,
      "IsDynamic": 0
   },
   {
      "TextID": "STR_RR_SELECT_10",
      "Value": "Congratulations \u2013 you have beaten all the Relay Races!",
      "MaxSize": 63,
      "IsDynamic": 0
   },
   {
      "TextID": "STR_RR_SELECT_11",
      "Value": "Win this Relay Race to unlock the Tailfin Pass boss race",
      "MaxSize": 83,
      "IsDynamic": 0
   },
   {
      "TextID": "STR_RR_SELECT_12",
      "Value": "Beat this race to help unlock more races in Tailfin Pass",
      "MaxSize": 81,
      "IsDynamic": 0
   },
   {
      "TextID": "STR_RR_SELECT_13",
      "Value": "The last Relay Race is the game finale.",
      "MaxSize": 65,
      "IsDynamic": 0
   },
   {
      "TextID": "STR_RR_SELECT_14",
      "Value": "Congratulations \u2013 you have beaten all the Relay Races!",
      "MaxSize": 63,
      "IsDynamic": 0
   },
   {
      "TextID": "STR_RR_SELECT_15",
      "Value": "This is the last race in the Maternational!",
      "MaxSize": 77,
      "IsDynamic": 0
   },
   {
      "TextID": "STR_RR_SELECT_16",
      "Value": "Congratulations \u2013 you have beaten all the Relay Races!",
      "MaxSize": 63,
      "IsDynamic": 0
   },
   {
      "TextID": "STR_RR_AWARD_01",
      "Value": "Win this race to unlock the next Radiator Spring race",
      "MaxSize": 81,
      "IsDynamic": 0
   },
   {
      "TextID": "STR_RR_AWARD_02",
      "Value": "After this relay, run more races in Radiator Springs",
      "MaxSize": 81,
      "IsDynamic": 0
   },
   {
      "TextID": "STR_RR_AWARD_03",
      "Value": "Win this race to unlock the next Ornament Valley race",
      "MaxSize": 80,
      "IsDynamic": 0
   },
   {
      "TextID": "STR_RR_AWARD_04",
      "Value": "After this relay, run more races in Ornament Valley",
      "MaxSize": 80,
      "IsDynamic": 0
   },
   {
      "TextID": "STR_RR_AWARD_05",
      "Value": "Win this race to unlock the next Tailfin Pass race",
      "MaxSize": 77,
      "IsDynamic": 0
   },
   {
      "TextID": "STR_RR_AWARD_06",
      "Value": "After this relay, run more races in Tailfin Pass",
      "MaxSize": 82,
      "IsDynamic": 0
   },
   {
      "TextID": "STR_RR_AWARD_07",
      "Value": "This is the last race of the Maternational!",
      "MaxSize": 77,
      "IsDynamic": 0
   }
]