[
   {
      "TextID": "STR_RR_RS_SELECT_01",
      "Value": "There are three Radiator Springs races to beat!",
      "MaxSize": 57,
      "IsDynamic": 0
   },
   {
      "TextID": "STR_RR_RS_SELECT_02",
      "Value": "Only one more Radiator Springs race left to beat!",
      "MaxSize": 59,
      "IsDynamic": 0
   },
   {
      "TextID": "STR_RR_RS_SELECT_03",
      "Value": "Congratulations!  You have beaten all three Radiator Springs races!",
      "MaxSize": 72,
      "IsDynamic": 0
   },
   {
      "TextID": "STR_RR_OV_SELECT_01",
      "Value": "There are three Ornament Valley races to beat!",
      "MaxSize": 56,
      "IsDynamic": 0
   },
   {
      "TextID": "STR_RR_OV_SELECT_02",
      "Value": "Only one more Ornament Valley race left to beat!",
      "MaxSize": 56,
      "IsDynamic": 0
   },
   {
      "TextID": "STR_RR_OV_SELECT_03",
      "Value": "Congratulations!  You have beaten all three Ornament Valley races!",
      "MaxSize": 71,
      "IsDynamic": 0
   },
   {
      "TextID": "STR_RR_TF_SELECT_01",
      "Value": "There are three Tailfin Pass races to beat!",
      "MaxSize": 58,
      "IsDynamic": 0
   },
   {
      "TextID": "STR_RR_TF_SELECT_02",
      "Value": "Only one more Tailfin Pass race left to beat!",
      "MaxSize": 57,
      "IsDynamic": 0
   },
   {
      "TextID": "STR_RR_TF_SELECT_03",
      "Value": "Congratulations!  You have beaten all three Tailfin Pass races!",
      "MaxSize": 70,
      "IsDynamic": 0
   },
   {
      "TextID": "STR_AWARD_RS_HUB_1",
      "Value": "You have to earn 25 Bolt Banners to unlock the first Stadium Race",
      "MaxSize": 81,
      "IsDynamic": 0
   },
   {
      "TextID": "STR_AWARD_RS_HUB_2",
      "Value": "After you win this race, earn more Bolt Banners to unlock the first Stadium Race",
      "MaxSize": 116,
      "IsDynamic": 0
   },
   {
      "TextID": "STR_AWARD_RS_HUB_3",
      "Value": "After you win this race, visit Lightning's Headquaters on Main Street",
      "MaxSize": 106,
      "IsDynamic": 0
   },
   {
      "TextID": "STR_AWARD_OV_HUB_1",
      "Value": "You have to earn 75 Bolt Banners to unlock the next Stadium Race",
      "MaxSize": 84,
      "IsDynamic": 0
   },
   {
      "TextID": "STR_AWARD_OV_HUB_2",
      "Value": "After you win this race, earn more Bolt Banners to unlock the next Stadium Race",
      "MaxSize": 124,
      "IsDynamic": 0
   },
   {
      "TextID": "STR_AWARD_OV_HUB_3",
      "Value": "After you win this race, you'll be ready for the next Stadium Race",
      "MaxSize": 87,
      "IsDynamic": 0
   },
   {
      "TextID": "STR_AWARD_TF_HUB_1",
      "Value": "You have to earn 160 Bolt Banners to unlock the next Stadium Race",
      "MaxSize": 85,
      "IsDynamic": 0
   },
   {
      "TextID": "STR_AWARD_TF_HUB_2",
      "Value": "Earn 160 Bolt Banners and win the Rustbucket Final to unlock the next Stadium Race",
      "MaxSize": 118,
      "IsDynamic": 0
   },
   {
      "TextID": "STR_AWARD_TF_HUB_3",
      "Value": "If you have won the Rustbucket Final, you are ready for the next Stadium Race",
      "MaxSize": 102,
      "IsDynamic": 0
   }
]