[
   {
      "TextID": "STR_ACH_01_NAME",
      "Value": "Stick it to McQueen",
      "MaxSize": 23,
      "IsDynamic": 0
   },
   {
      "TextID": "STR_ACH_01_HOW_TO",
      "Value": "Beat the three Radiator Springs road races and the Relay Race, then place in the first Stadium Race",
      "MaxSize": 101,
      "IsDynamic": 0
   },
   {
      "TextID": "STR_ACH_01_DESCRIP",
      "Value": "Completed Radiator Springs and unlocked Ornament Valley, and got the sticker to prove it",
      "MaxSize": 103,
      "IsDynamic": 0
   },
   {
      "TextID": "STR_ACH_02_NAME",
      "Value": "Rust Bust",
      "MaxSize": 15,
      "IsDynamic": 0
   },
   {
      "TextID": "STR_ACH_02_HOW_TO",
      "Value": "Qualify in the first three Rustbucket Series races, then win the final",
      "MaxSize": 93,
      "IsDynamic": 0
   },
   {
      "TextID": "STR_ACH_02_DESCRIP",
      "Value": "Won the Rustbucket Race Series",
      "MaxSize": 49,
      "IsDynamic": 0
   },
   {
      "TextID": "STR_ACH_03_NAME",
      "Value": "Golden Gas Can",
      "MaxSize": 23,
      "IsDynamic": 0
   },
   {
      "TextID": "STR_ACH_03_HOW_TO",
      "Value": "Do the required number of laps to beat each of the nine levels of Fillmore's Fuel Frenzy",
      "MaxSize": 99,
      "IsDynamic": 0
   },
   {
      "TextID": "STR_ACH_03_DESCRIP",
      "Value": "Beat all nine levels of Fillmore's Fuel Frenzy",
      "MaxSize": 66,
      "IsDynamic": 0
   },
   {
      "TextID": "STR_ACH_04_NAME",
      "Value": "Frank Slash",
      "MaxSize": 20,
      "IsDynamic": 0
   },
   {
      "TextID": "STR_ACH_04_HOW_TO",
      "Value": "Tip all tractors before the time limit in each of the six levels of Tractor Tipping",
      "MaxSize": 100,
      "IsDynamic": 0
   },
   {
      "TextID": "STR_ACH_04_DESCRIP",
      "Value": "Beat all six levels of Tractor Tipping",
      "MaxSize": 68,
      "IsDynamic": 0
   },
   {
      "TextID": "STR_ACH_05_NAME",
      "Value": "High Draulics",
      "MaxSize": 30,
      "IsDynamic": 0
   },
   {
      "TextID": "STR_ACH_05_HOW_TO",
      "Value": "Score well playing along with each of the seven songs in Ramone's Rhythmic Rumble",
      "MaxSize": 88,
      "IsDynamic": 0
   },
   {
      "TextID": "STR_ACH_05_DESCRIP",
      "Value": "Beat all nine levels of Ramone's Rhythmic Rumble",
      "MaxSize": 65,
      "IsDynamic": 0
   },
   {
      "TextID": "STR_ACH_06_NAME",
      "Value": "Ghost Light",
      "MaxSize": 17,
      "IsDynamic": 0
   },
   {
      "TextID": "STR_ACH_06_HOW_TO",
      "Value": "Scare Mater home in each of the seven Ghosting Mater levels",
      "MaxSize": 96,
      "IsDynamic": 0
   },
   {
      "TextID": "STR_ACH_06_DESCRIP",
      "Value": "Beat all seven levels of Ghosting Mater",
      "MaxSize": 54,
      "IsDynamic": 0
   },
   {
      "TextID": "STR_ACH_07_NAME",
      "Value": "James P. Sullivan Cup",
      "MaxSize": 26,
      "IsDynamic": 0
   },
   {
      "TextID": "STR_ACH_07_HOW_TO",
      "Value": "Qualify in the first two Waypoint Race Series races, then win the final",
      "MaxSize": 101,
      "IsDynamic": 0
   },
   {
      "TextID": "STR_ACH_07_DESCRIP",
      "Value": "Won the Monster Truck Waypoint final",
      "MaxSize": 66,
      "IsDynamic": 0
   },
   {
      "TextID": "STR_ACH_08_NAME",
      "Value": "Race 'n' Chase Victor",
      "MaxSize": 32,
      "IsDynamic": 0
   },
   {
      "TextID": "STR_ACH_08_HOW_TO",
      "Value": "Reach your goal first in all nine Race 'n' Chase levels",
      "MaxSize": 90,
      "IsDynamic": 0
   },
   {
      "TextID": "STR_ACH_08_DESCRIP",
      "Value": "Beat all nine levels of Doc and the Law's Race 'n' Chase",
      "MaxSize": 69,
      "IsDynamic": 0
   },
   {
      "TextID": "STR_ACH_09_NAME",
      "Value": "Unlock Tailfin Pass",
      "MaxSize": 30,
      "IsDynamic": 0
   },
   {
      "TextID": "STR_ACH_09_HOW_TO",
      "Value": "Beat the three Ornament Valley road races and the Relay Race, then place in the second Stadium race",
      "MaxSize": 100,
      "IsDynamic": 0
   },
   {
      "TextID": "STR_ACH_09_DESCRIP",
      "Value": "Completed Ornament Valley and unlocked Tailfin Pass",
      "MaxSize": 71,
      "IsDynamic": 0
   },
   {
      "TextID": "STR_ACH_10_NAME",
      "Value": "Find all McQueen's Paintjobs",
      "MaxSize": 32,
      "IsDynamic": 0
   },
   {
      "TextID": "STR_ACH_10_HOW_TO",
      "Value": "Find all eight new paintjobs for Lightning McQueen",
      "MaxSize": 58,
      "IsDynamic": 0
   },
   {
      "TextID": "STR_ACH_10_DESCRIP",
      "Value": "Unlocked all eight of McQueen's new paintjobs, available at Ramone's House of Body Art",
      "MaxSize": 104,
      "IsDynamic": 0
   },
   {
      "TextID": "STR_ACH_11_NAME",
      "Value": "Find all McQueen's New Wheels",
      "MaxSize": 31,
      "IsDynamic": 0
   },
   {
      "TextID": "STR_ACH_11_HOW_TO",
      "Value": "Find all eight new wheel sets for Lightning McQueen",
      "MaxSize": 59,
      "IsDynamic": 0
   },
   {
      "TextID": "STR_ACH_11_DESCRIP",
      "Value": "Unlocked all eight of McQueen's new wheel sets, available at Luigi's Casa Della Tires",
      "MaxSize": 103,
      "IsDynamic": 0
   },
   {
      "TextID": "STR_ACH_12_NAME",
      "Value": "Build Monster McQueen",
      "MaxSize": 26,
      "IsDynamic": 0
   },
   {
      "TextID": "STR_ACH_12_HOW_TO",
      "Value": "Find two monster truck pieces, plus a new horn, so Luigi can build Monster McQueen",
      "MaxSize": 103,
      "IsDynamic": 0
   },
   {
      "TextID": "STR_ACH_12_DESCRIP",
      "Value": "Found the parts necessary to construct Monster McQueen",
      "MaxSize": 78,
      "IsDynamic": 0
   },
   {
      "TextID": "STR_ACH_13_NAME",
      "Value": "Build Monster Mater",
      "MaxSize": 32,
      "IsDynamic": 0
   },
   {
      "TextID": "STR_ACH_13_HOW_TO",
      "Value": "Find six monster truck parts in Radiator Springs so Luigi can build Monster Mater",
      "MaxSize": 102,
      "IsDynamic": 0
   },
   {
      "TextID": "STR_ACH_13_DESCRIP",
      "Value": "Found the six parts necessary to construct Monster Mater",
      "MaxSize": 77,
      "IsDynamic": 0
   },
   {
      "TextID": "STR_ACH_14_NAME",
      "Value": "Win all Stadium Races",
      "MaxSize": 31,
      "IsDynamic": 0
   },
   {
      "TextID": "STR_ACH_14_HOW_TO",
      "Value": "Finish first in all four races conducted in Lightning McQueen's new Racing Stadium",
      "MaxSize": 99,
      "IsDynamic": 0
   },
   {
      "TextID": "STR_ACH_14_DESCRIP",
      "Value": "Won all four race in McQueen's new Racing Stadium",
      "MaxSize": 73,
      "IsDynamic": 0
   },
   {
      "TextID": "STR_ACH_15_NAME",
      "Value": "Win all Road Races",
      "MaxSize": 32,
      "IsDynamic": 0
   },
   {
      "TextID": "STR_ACH_15_HOW_TO",
      "Value": "Radiator Springs, Ornament Valley, and Tailfin Pass -- win all three races in each area",
      "MaxSize": 98,
      "IsDynamic": 0
   },
   {
      "TextID": "STR_ACH_15_DESCRIP",
      "Value": "Won all nine road races, three in each of the three main areas",
      "MaxSize": 92,
      "IsDynamic": 0
   },
   {
      "TextID": "STR_ACH_16_NAME",
      "Value": "Beat the game!",
      "MaxSize": 26,
      "IsDynamic": 0
   },
   {
      "TextID": "STR_ACH_16_HOW_TO",
      "Value": "Collect every Bolt Banner and earn every sticker in the game",
      "MaxSize": 71,
      "IsDynamic": 0
   },
   {
      "TextID": "STR_ACH_16_DESCRIP",
      "Value": "Won every event: got every Bolt Banner, earned every sticker",
      "MaxSize": 96,
      "IsDynamic": 0
   }
]