[
   {
      "TextID": "STR_MCQCS16LN1",
      "Value": "Hey, you're that drift car I saw earlier, right?",
      "MaxSize": 55,
      "IsDynamic": 0
   },
   {
      "TextID": "STR_HIROCS16LN1",
      "Value": "",
      "MaxSize": 0,
      "IsDynamic": 0
   },
   {
      "TextID": "STR_MCQCS16LN2",
      "Value": "Man, it looked like you were taking those turns sideways!  Pretty ",
      "MaxSize": 66,
      "IsDynamic": 0
   },
   {
      "TextID": "STR_MCQCS16LN2A",
      "Value": "cool.  Hey, you ever hear this one?  Turn right to go left?",
      "MaxSize": 87,
      "IsDynamic": 0
   },
   {
      "TextID": "STR_HIROCS16LN2",
      "Value": "",
      "MaxSize": 0,
      "IsDynamic": 0
   },
   {
      "TextID": "STR_MCQCS16LN3",
      "Value": "Right, you said Lightning!  That's me.",
      "MaxSize": 40,
      "IsDynamic": 0
   },
   {
      "TextID": "STR_MCQCS16LN4",
      "Value": "And this, this is Mater.",
      "MaxSize": 31,
      "IsDynamic": 0
   },
   {
      "TextID": "STR_HIROCS16LN3",
      "Value": "",
      "MaxSize": 0,
      "IsDynamic": 0
   },
   {
      "TextID": "STR_MATCS16LN1",
      "Value": "Konichi-wa! ",
      "MaxSize": 14,
      "IsDynamic": 0
   },
   {
      "TextID": "STR_MCQCS16LN5",
      "Value": "Mater, you speak Japanese?",
      "MaxSize": 32,
      "IsDynamic": 0
   },
   {
      "TextID": "STR_MATCS16LN2",
      "Value": "Well, sure, doesn't everybody?",
      "MaxSize": 34,
      "IsDynamic": 0
   },
   {
      "TextID": "STR_MATCS16LN4",
      "Value": "Hai!",
      "MaxSize": 6,
      "IsDynamic": 0
   },
   {
      "TextID": "STR_MCQCS16LN6",
      "Value": "Wait a minute, what'd he say?",
      "MaxSize": 36,
      "IsDynamic": 0
   },
   {
      "TextID": "STR_MATCS16LN5",
      "Value": "I'm pretty sure he just asked if you'd wanna race him ",
      "MaxSize": 74,
      "IsDynamic": 0
   },
   {
      "TextID": "STR_MATCS16LN5A",
      "Value": "blindfolded, drivin' backwards with four flat tires.",
      "MaxSize": 59,
      "IsDynamic": 0
   },
   {
      "TextID": "STR_MCQCS16LN7",
      "Value": "Really, that's weird. ",
      "MaxSize": 30,
      "IsDynamic": 0
   },
   {
      "TextID": "STR_MATCS16LN6",
      "Value": "Yeah, well, you better hurry up after him, 'fore he gets hisself into some trouble.",
      "MaxSize": 90,
      "IsDynamic": 0
   },
   {
      "TextID": "STR_HIROCS16LN4",
      "Value": "",
      "MaxSize": 0,
      "IsDynamic": 0
   },
   {
      "TextID": "STR_HIROCS16LN4A",
      "Value": "",
      "MaxSize": 0,
      "IsDynamic": 0
   },
   {
      "TextID": "STR_HIROCS16LN4B",
      "Value": "",
      "MaxSize": 0,
      "IsDynamic": 0
   },
   {
      "TextID": "STR_HIROCS16LN4C",
      "Value": "",
      "MaxSize": 0,
      "IsDynamic": 0
   },
   {
      "TextID": "STR_HIROCS16LN4D",
      "Value": "",
      "MaxSize": 0,
      "IsDynamic": 0
   }
]