[
   {
      "TextID": "STR_MCQCS02LN1",
      "Value": "Whoa, whoa!",
      "MaxSize": 14,
      "IsDynamic": 0
   },
   {
      "TextID": "STR_MCQCS02LN1A",
      "Value": "",
      "MaxSize": 0,
      "IsDynamic": 0
   },
   {
      "TextID": "STR_MCQCS02LN2",
      "Value": "Um, you do know you're on the wrong side of the road, right?",
      "MaxSize": 72,
      "IsDynamic": 0
   },
   {
      "TextID": "STR_PHILCS02LN2",
      "Value": "Yes, yes, so sorry, I-I-I'm still getting the hang of it, you see, ",
      "MaxSize": 73,
      "IsDynamic": 0
   },
   {
      "TextID": "STR_PHILCS02LN2A",
      "Value": "I'm-I'm visiting from England and uh... (recognizes Lightning) ",
      "MaxSize": 81,
      "IsDynamic": 0
   },
   {
      "TextID": "STR_PHILCS02LN2B",
      "Value": "Oh my! Oh m... You're Lightning McQueen,  aren't you? ",
      "MaxSize": 65,
      "IsDynamic": 0
   },
   {
      "TextID": "STR_PHILCS02LN2C",
      "Value": "Oh, this is excellent! First day in town and already",
      "MaxSize": 99,
      "IsDynamic": 0
   },
   {
      "TextID": "STR_PHILCS02LN2D",
      "Value": "I'm face to face with a racing superstar!",
      "MaxSize": 54,
      "IsDynamic": 0
   },
   {
      "TextID": "STR_MCQCS02LN3",
      "Value": "Tell you what, um -",
      "MaxSize": 25,
      "IsDynamic": 0
   },
   {
      "TextID": "STR_PHILCS02LN3",
      "Value": "Uh, Philip!",
      "MaxSize": 13,
      "IsDynamic": 0
   },
   {
      "TextID": "STR_MCQCS02LN4",
      "Value": "Okay, Philip, just to make your vacation a little safer,",
      "MaxSize": 56,
      "IsDynamic": 0
   },
   {
      "TextID": "STR_MCQCS02LN4A",
      "Value": "why don't we practice driving on the other side ",
      "MaxSize": 66,
      "IsDynamic": 0
   },
   {
      "TextID": "STR_MCQCS02LN4B",
      "Value": "of the road for awhile, what do ya say?",
      "MaxSize": 65,
      "IsDynamic": 0
   },
   {
      "TextID": "STR_PHILCS02LN4",
      "Value": "A private racing lesson from Lightning McQueen?!  ",
      "MaxSize": 55,
      "IsDynamic": 0
   },
   {
      "TextID": "STR_PHILCS02LN4A",
      "Value": "Oh, my friends are not going to believe -",
      "MaxSize": 45,
      "IsDynamic": 0
   },
   {
      "TextID": "STR_MCQCS02LN5",
      "Value": "Not a racing lesson, a -- ",
      "MaxSize": 39,
      "IsDynamic": 0
   },
   {
      "TextID": "STR_FREDCS02LN1",
      "Value": "Lightning McQueen is giving private racing lessons?!",
      "MaxSize": 53,
      "IsDynamic": 0
   },
   {
      "TextID": "STR_FREDCS02LN2",
      "Value": "Oh, count me in, Mr. McQueen.",
      "MaxSize": 40,
      "IsDynamic": 0
   },
   {
      "TextID": "STR_MCQCS02LN6",
      "Value": "Hello, Fred.",
      "MaxSize": 14,
      "IsDynamic": 0
   },
   {
      "TextID": "STR_FREDCS02LN3",
      "Value": "You remember my name!",
      "MaxSize": 31,
      "IsDynamic": 0
   },
   {
      "TextID": "STR_FREDCS02LN4",
      "Value": "I can't believe he remembers my name, you",
      "MaxSize": 54,
      "IsDynamic": 0
   },
   {
      "TextID": "STR_FREDCS02LN4A",
      "Value": "know, that's just the kinda guy he is -",
      "MaxSize": 42,
      "IsDynamic": 0
   },
   {
      "TextID": "STR_PHILCS02LN5",
      "Value": "Yes. Yes! He just saved me from near death!",
      "MaxSize": 56,
      "IsDynamic": 0
   },
   {
      "TextID": "STR_MCQCS02LN7",
      "Value": "Well, I don't know about that -- ",
      "MaxSize": 40,
      "IsDynamic": 0
   },
   {
      "TextID": "STR_FREDCS02LN5",
      "Value": "(intake breath) He did?!",
      "MaxSize": 24,
      "IsDynamic": 0
   },
   {
      "TextID": "STR_HUDCS02LN1",
      "Value": "Hey!",
      "MaxSize": 7,
      "IsDynamic": 0
   },
   {
      "TextID": "STR_HUDCS02LN2",
      "Value": "What're you doin' here?  You're blockin' my street.",
      "MaxSize": 57,
      "IsDynamic": 0
   },
   {
      "TextID": "STR_MCQCS02LN8",
      "Value": "I know, sorry Doc, I -",
      "MaxSize": 39,
      "IsDynamic": 0
   },
   {
      "TextID": "STR_FREDCS02LN6",
      "Value": "Look, it's the \u2013",
      "MaxSize": 20,
      "IsDynamic": 0
   },
   {
      "TextID": "STR_PHILCS02LN6",
      "Value": "The Fabulous Hudson Hornet!  The Fabulous Hudson Hornet!",
      "MaxSize": 61,
      "IsDynamic": 0
   },
   {
      "TextID": "STR_HUDCS02LN3",
      "Value": "I'm also the town doctor, so calm down, son, before you ",
      "MaxSize": 63,
      "IsDynamic": 0
   },
   {
      "TextID": "STR_HUDCS02LN3A",
      "Value": "rupture somethin' and then I gotta fix you up.",
      "MaxSize": 75,
      "IsDynamic": 0
   },
   {
      "TextID": "STR_PHILCS02LN7",
      "Value": "(excited intake of breath) Oh, that would be brilliant!",
      "MaxSize": 55,
      "IsDynamic": 0
   },
   {
      "TextID": "STR_BARCS02LN1",
      "Value": "Hey, what's goin' on, guys? You gettin' ready for a race or somethin'?",
      "MaxSize": 82,
      "IsDynamic": 0
   },
   {
      "TextID": "STR_PHILCS02LN8",
      "Value": "A race? Yes! Against Lightning McQueen and the Fabulous Hudson Hornet!",
      "MaxSize": 78,
      "IsDynamic": 0
   },
   {
      "TextID": "STR_MCQCS02LN9",
      "Value": "Ah... (beat) Okay sure, that's a great idea.",
      "MaxSize": 44,
      "IsDynamic": 0
   },
   {
      "TextID": "STR_HUDCS02LN4",
      "Value": "Oh, you gotta be kiddin' me.",
      "MaxSize": 38,
      "IsDynamic": 0
   },
   {
      "TextID": "STR_MCQCS02LN10",
      "Value": "Aw, c'mon Doc, it's just stretchin' our tires.  We'll go easy on 'em.",
      "MaxSize": 88,
      "IsDynamic": 0
   },
   {
      "TextID": "STR_MCQCS02LN10A",
      "Value": "",
      "MaxSize": 0,
      "IsDynamic": 0
   },
   {
      "TextID": "STR_MCQCS02LN11",
      "Value": "We'll come back for that.",
      "MaxSize": 35,
      "IsDynamic": 0
   }
]