[
   {
      "TextID": "STR_MATCS01LN2",
      "Value": "Ladies and gentlecars, welcome back to Radiator Springs, ",
      "MaxSize": 76,
      "IsDynamic": 0
   },
   {
      "TextID": "STR_MATCS01LN2A",
      "Value": "where boy, do we got a lot of busy and exciting stuff goin' on!",
      "MaxSize": 64,
      "IsDynamic": 0
   },
   {
      "TextID": "STR_MATCS01LN3",
      "Value": "Behind me is where Lightning McQueen - my best friend - is gonna be ",
      "MaxSize": 68,
      "IsDynamic": 0
   },
   {
      "TextID": "STR_MATCS01LN3A",
      "Value": "building his new racin' headquarters!  And then, even more better, ",
      "MaxSize": 77,
      "IsDynamic": 0
   },
   {
      "TextID": "STR_MATCS01LN3B",
      "Value": "we're gonna have our very own racin' stadium!!  ",
      "MaxSize": 69,
      "IsDynamic": 0
   },
   {
      "TextID": "STR_MATCS01LN3C",
      "Value": "We'll see how that's comin' along later.",
      "MaxSize": 57,
      "IsDynamic": 0
   },
   {
      "TextID": "STR_MATCS01LN4",
      "Value": "But the most and bestest part of all is, we've got all ",
      "MaxSize": 60,
      "IsDynamic": 0
   },
   {
      "TextID": "STR_MATCS01LN4A",
      "Value": "these new folks comin' from all over the world, to race in ",
      "MaxSize": 71,
      "IsDynamic": 0
   },
   {
      "TextID": "STR_MATCS01LN4B",
      "Value": "our first annual Radiator Springs  Maternational!",
      "MaxSize": 71,
      "IsDynamic": 0
   },
   {
      "TextID": "STR_MATCS01LN5",
      "Value": "Yep, we got real racin' professionals visitin' from  Germany, ",
      "MaxSize": 71,
      "IsDynamic": 0
   },
   {
      "TextID": "STR_MATCS01LN5A",
      "Value": "Japan, Italy and all sorts of other places I've seen on TV! ",
      "MaxSize": 77,
      "IsDynamic": 0
   },
   {
      "TextID": "STR_MATCS01LN6",
      "Value": "There's gonna be all sorts of cool happenings goin' ",
      "MaxSize": 55,
      "IsDynamic": 0
   },
   {
      "TextID": "STR_MATCS01LN6A",
      "Value": "on this week, races and games, and if we're lucky, a ",
      "MaxSize": 74,
      "IsDynamic": 0
   },
   {
      "TextID": "STR_MATCS01LN6B",
      "Value": "whole lot of crashin'!  So you all just stay tuned!",
      "MaxSize": 60,
      "IsDynamic": 0
   },
   {
      "TextID": "STR_MATCS01LN6C",
      "Value": "",
      "MaxSize": 0,
      "IsDynamic": 0
   },
   {
      "TextID": "STR_MATCS01LN7",
      "Value": "Ah, dang.",
      "MaxSize": 19,
      "IsDynamic": 0
   }
]