[
   {
      "TextID": "STR_MCQCS21HOO",
      "Value": "Hooboy!",
      "MaxSize": 18,
      "IsDynamic": 0
   },
   {
      "TextID": "STR_OTTOCS05LN6",
      "Value": "Thank you, Lightning.",
      "MaxSize": 21,
      "IsDynamic": 0
   },
   {
      "TextID": "STR_MATCS21LN1",
      "Value": "Well, we wrapped up the Maternational with a great finish, and ",
      "MaxSize": 80,
      "IsDynamic": 0
   },
   {
      "TextID": "STR_MATCS21LN1A",
      "Value": "look what we found waitin' for us!  Our new clubhouse! ",
      "MaxSize": 69,
      "IsDynamic": 0
   },
   {
      "TextID": "STR_MCQCS21LN1",
      "Value": "Mater, it's not really a clubhouse.  It's the headquarters for ",
      "MaxSize": 65,
      "IsDynamic": 0
   },
   {
      "TextID": "STR_MCQCS21LN1A",
      "Value": "all of our professional racing operations.",
      "MaxSize": 69,
      "IsDynamic": 0
   },
   {
      "TextID": "STR_MCQCS21LN2",
      "Value": "Okay, it's a clubhouse.",
      "MaxSize": 38,
      "IsDynamic": 0
   },
   {
      "TextID": "STR_GIOCS21LN1",
      "Value": "New stadium, new headquarters.  You're going to be very busy here.",
      "MaxSize": 74,
      "IsDynamic": 0
   },
   {
      "TextID": "STR_MCQCS21LN3",
      "Value": "Yeah.  I think we're gonna need a bigger town.",
      "MaxSize": 56,
      "IsDynamic": 0
   },
   {
      "TextID": "STR_GIOCS21LN2",
      "Value": "I wouldn't change a thing.  It was a very enjoyable week.  And I ",
      "MaxSize": 96,
      "IsDynamic": 0
   },
   {
      "TextID": "STR_GIOCS21LN2A",
      "Value": "hope we can repay your hospitality and host you and your friends ",
      "MaxSize": 69,
      "IsDynamic": 0
   },
   {
      "TextID": "STR_GIOCS21LN2B",
      "Value": "in the European Circuit one day.",
      "MaxSize": 67,
      "IsDynamic": 0
   },
   {
      "TextID": "STR_MCQCS21LN4",
      "Value": "Absolutely. We'll take this show on the road.",
      "MaxSize": 56,
      "IsDynamic": 0
   },
   {
      "TextID": "STR_MATCS21LN2",
      "Value": "We're goin' to Europe?",
      "MaxSize": 24,
      "IsDynamic": 0
   },
   {
      "TextID": "STR_MATCS21LN3",
      "Value": "And just where exactly is that again?",
      "MaxSize": 39,
      "IsDynamic": 0
   },
   {
      "TextID": "STR_EMMACS21LN1",
      "Value": "It's just over the pond!",
      "MaxSize": 38,
      "IsDynamic": 0
   },
   {
      "TextID": "STR_EMMACS2121HOO",
      "Value": "Hooboy!",
      "MaxSize": 11,
      "IsDynamic": 0
   },
   {
      "TextID": "STR_MATCS21LN4",
      "Value": "Pond? Aw dang, I can't swim.",
      "MaxSize": 50,
      "IsDynamic": 0
   },
   {
      "TextID": "STR_LUICS21LN1",
      "Value": "Everybody, it's time for the end of festival ",
      "MaxSize": 69,
      "IsDynamic": 0
   },
   {
      "TextID": "STR_LUICS21LN1A",
      "Value": "picture! Guido, are you ready?",
      "MaxSize": 30,
      "IsDynamic": 0
   },
   {
      "TextID": "STR_LUICS21LN1B",
      "Value": "",
      "MaxSize": 0,
      "IsDynamic": 0
   },
   {
      "TextID": "STR_MCQCS21LN5",
      "Value": "Okay, ready? Everyone say...",
      "MaxSize": 32,
      "IsDynamic": 0
   },
   {
      "TextID": "STR_MATCS21LN5",
      "Value": "...Everybody say Hoo-boy!!",
      "MaxSize": 32,
      "IsDynamic": 0
   },
   {
      "TextID": "STR_HIROCS21HOO",
      "Value": "Hooboy!",
      "MaxSize": 11,
      "IsDynamic": 0
   },
   {
      "TextID": "STR_HIROCS21HOO1",
      "Value": "",
      "MaxSize": 0,
      "IsDynamic": 0
   }
]