[
   {
      "TextID": "STR_MATCS03LN1",
      "Value": "Hey, something looks different about you two, did you get new tires?",
      "MaxSize": 80,
      "IsDynamic": 0
   },
   {
      "TextID": "STR_MCQCS03LN1",
      "Value": "Wow, you guys look great! You should have Ramone fix ",
      "MaxSize": 85,
      "IsDynamic": 0
   },
   {
      "TextID": "STR_MCQCS03LN1A",
      "Value": "you up with a lightning bolt, then you'd look just like me. ",
      "MaxSize": 69,
      "IsDynamic": 0
   },
   {
      "TextID": "STR_MCQCS03LN1B",
      "Value": "",
      "MaxSize": 0,
      "IsDynamic": 0
   },
   {
      "TextID": "STR_LUICS03LN3",
      "Value": "GIOVANNI!!!",
      "MaxSize": 14,
      "IsDynamic": 0
   },
   {
      "TextID": "STR_GIOCS03LN1",
      "Value": "Hello, my friend.",
      "MaxSize": 20,
      "IsDynamic": 0
   },
   {
      "TextID": "STR_LUICS03LN4",
      "Value": "I am his friend!",
      "MaxSize": 20,
      "IsDynamic": 0
   },
   {
      "TextID": "STR_MCQCS03LN2",
      "Value": "Nice to meet you, Giovanni, I'm Lightning. ",
      "MaxSize": 52,
      "IsDynamic": 0
   },
   {
      "TextID": "STR_MCQCS03LN2_ALT",
      "Value": "Wow, you're Giovanni the famous Italian racecar! I'm Lightning",
      "MaxSize": 76,
      "IsDynamic": 0
   },
   {
      "TextID": "STR_GIOCS03LN2",
      "Value": "Nice to meet you, Lightning - it was so",
      "MaxSize": 61,
      "IsDynamic": 0
   },
   {
      "TextID": "STR_GIOCS03LN2A",
      "Value": "nice of all of you to dress up like me.",
      "MaxSize": 44,
      "IsDynamic": 0
   },
   {
      "TextID": "STR_MCQCS03LN3",
      "Value": "I'm not dressed up like you, I'm ",
      "MaxSize": 42,
      "IsDynamic": 0
   },
   {
      "TextID": "STR_MCQCS03LN3A",
      "Value": "Lightning McQueen, I'm a famous race car too.",
      "MaxSize": 59,
      "IsDynamic": 0
   },
   {
      "TextID": "STR_GIOCS03LN3",
      "Value": "Ah yes, of course, you are the famous Lightning McQueen!  ",
      "MaxSize": 76,
      "IsDynamic": 0
   },
   {
      "TextID": "STR_GIOCS03LN3A",
      "Value": "I did not realize, I'm looking forward to our race! You are ",
      "MaxSize": 86,
      "IsDynamic": 0
   },
   {
      "TextID": "STR_GIOCS03LN3B",
      "Value": "a hero to me! I'm so embarrassed! I'm such a fan of yours!",
      "MaxSize": 86,
      "IsDynamic": 0
   },
   {
      "TextID": "STR_MCQCS03LN4",
      "Value": "Really?  Wow, thanks!",
      "MaxSize": 30,
      "IsDynamic": 0
   },
   {
      "TextID": "STR_GIOCS03LN4",
      "Value": "I cannot wait for our race together, it will be such  ",
      "MaxSize": 81,
      "IsDynamic": 0
   },
   {
      "TextID": "STR_GIOCS03LN4B",
      "Value": "an honor!  I will count the hours till then!",
      "MaxSize": 44,
      "IsDynamic": 0
   },
   {
      "TextID": "STR_MCQCS03LN5",
      "Value": "Well, there's no harm in a little practice",
      "MaxSize": 63,
      "IsDynamic": 0
   },
   {
      "TextID": "STR_MCQCS03LN5A",
      "Value": "run, right?  We could all race together.",
      "MaxSize": 42,
      "IsDynamic": 0
   },
   {
      "TextID": "STR_GIOCS03LN5",
      "Value": "That would be fantastic! ",
      "MaxSize": 28,
      "IsDynamic": 0
   },
   {
      "TextID": "STR_MCQCS03LN6",
      "Value": "Hear that, Luigi? He's a fan of mine. What do you say, ",
      "MaxSize": 67,
      "IsDynamic": 0
   },
   {
      "TextID": "STR_MCQCS03LN6A",
      "Value": "guys, you want to race on my team?",
      "MaxSize": 64,
      "IsDynamic": 0
   },
   {
      "TextID": "STR_MCQCS03LN6B",
      "Value": "",
      "MaxSize": 0,
      "IsDynamic": 0
   },
   {
      "TextID": "STR_MCQCS03LN7",
      "Value": "What do I have to do to impress folks around here?",
      "MaxSize": 63,
      "IsDynamic": 0
   }
]