[
   {
      "TextID": "STR_MATCS27LN1",
      "Value": "Hee hee hee hee, boy, that was fun.",
      "MaxSize": 35,
      "IsDynamic": 0
   },
   {
      "TextID": "STR_MCQCS27LN1",
      "Value": "Yeah, I - (trails off) wait, do you hear that?",
      "MaxSize": 51,
      "IsDynamic": 0
   },
   {
      "TextID": "STR_MATCS27LN2",
      "Value": "Stampede!!",
      "MaxSize": 18,
      "IsDynamic": 0
   },
   {
      "TextID": "STR_MCQCS27LN2",
      "Value": "Great. (sigh) Let's go get 'em.",
      "MaxSize": 47,
      "IsDynamic": 0
   },
   {
      "TextID": "STR_MATCS27LN3",
      "Value": "We wasn't here, remember? We was out smashin' mailboxes.",
      "MaxSize": 104,
      "IsDynamic": 0
   },
   {
      "TextID": "STR_MCQCS27LN3",
      "Value": "We used that one already.",
      "MaxSize": 36,
      "IsDynamic": 0
   },
   {
      "TextID": "STR_MATCS27LN4",
      "Value": "Okay, then we was, uh... we was out garbage hunting.",
      "MaxSize": 53,
      "IsDynamic": 0
   },
   {
      "TextID": "STR_MCQCS27LN4",
      "Value": "Twice in one week?",
      "MaxSize": 29,
      "IsDynamic": 0
   },
   {
      "TextID": "STR_MATCS27LN5",
      "Value": "Oh, right.  ",
      "MaxSize": 17,
      "IsDynamic": 0
   },
   {
      "TextID": "STR_MATCS27LN6",
      "Value": "Uh, how 'bout just we just leave the door ",
      "MaxSize": 53,
      "IsDynamic": 0
   },
   {
      "TextID": "STR_MATCS27LN6A",
      "Value": "open so they can come back when they're ready?",
      "MaxSize": 57,
      "IsDynamic": 0
   },
   {
      "TextID": "STR_MCQCS27LN5",
      "Value": "Kind of goes against the whole concept of a gate, but okay.",
      "MaxSize": 75,
      "IsDynamic": 0
   },
   {
      "TextID": "STR_MCQCS27LN5A",
      "Value": "",
      "MaxSize": 0,
      "IsDynamic": 0
   }
]