[
   {
      "TextID": "STR_OTTOCS05LN1",
      "Value": "That was a good race, but now let us race some more.",
      "MaxSize": 60,
      "IsDynamic": 0
   },
   {
      "TextID": "STR_MCQCS05LN1",
      "Value": "Wow, again?  You really like to race, but maybe",
      "MaxSize": 48,
      "IsDynamic": 0
   },
   {
      "TextID": "STR_MCQCS05LN1A",
      "Value": "you should take a break, see the town...",
      "MaxSize": 58,
      "IsDynamic": 0
   },
   {
      "TextID": "STR_OTTOCS05LN2",
      "Value": "No time for seeing, only time for racing.",
      "MaxSize": 60,
      "IsDynamic": 0
   },
   {
      "TextID": "STR_MCQCS05LN2",
      "Value": "Yeah, but don't you think you should get a souvenir while",
      "MaxSize": 82,
      "IsDynamic": 0
   },
   {
      "TextID": "STR_MCQCS05LN2B",
      "Value": "you're in town?  Do you have a girlfriend back in Germany?",
      "MaxSize": 58,
      "IsDynamic": 0
   },
   {
      "TextID": "STR_OTTOCS05LN3",
      "Value": "Ja, she is called Jenny.",
      "MaxSize": 25,
      "IsDynamic": 0
   },
   {
      "TextID": "STR_MCQCS05LN3",
      "Value": "Well, there you have it - you can't go back without a nice gift for Jenny.",
      "MaxSize": 77,
      "IsDynamic": 0
   },
   {
      "TextID": "STR_OTTOCS05LN4",
      "Value": "Nein, Jenny would not like that.",
      "MaxSize": 42,
      "IsDynamic": 0
   },
   {
      "TextID": "STR_MCQCS05LN4",
      "Value": "No she wouldn't.  Luckily, Lizzie's Curio Shop is  ",
      "MaxSize": 80,
      "IsDynamic": 0
   },
   {
      "TextID": "STR_MCQCS05LN4A",
      "Value": "just down the street, all the souvenirs you could ",
      "MaxSize": 59,
      "IsDynamic": 0
   },
   {
      "TextID": "STR_MCQCS05LN4B",
      "Value": "imagine. Just tell her Lightning sent you.",
      "MaxSize": 43,
      "IsDynamic": 0
   },
   {
      "TextID": "STR_OTTOCS05LN5",
      "Value": "Dankesh\u00f6n, Lightning.",
      "MaxSize": 24,
      "IsDynamic": 0
   },
   {
      "TextID": "STR_MCQCS05LN5",
      "Value": "Anytime, be sure to ask for the full tour, and about Stanley, and ",
      "MaxSize": 73,
      "IsDynamic": 0
   },
   {
      "TextID": "STR_MCQCS05LN5A",
      "Value": "about how things are different now than they were in the old days! ",
      "MaxSize": 72,
      "IsDynamic": 0
   },
   {
      "TextID": "STR_MCQCS05LN5B",
      "Value": "",
      "MaxSize": 0,
      "IsDynamic": 0
   },
   {
      "TextID": "STR_SHERCS05LN1",
      "Value": "(winded) Sendin' him to see Lizzie, huh?",
      "MaxSize": 41,
      "IsDynamic": 0
   },
   {
      "TextID": "STR_MCQCS05LN6",
      "Value": "Yup. ",
      "MaxSize": 6,
      "IsDynamic": 0
   },
   {
      "TextID": "STR_SHERCS05LN2",
      "Value": "That'll keep him busy.",
      "MaxSize": 30,
      "IsDynamic": 0
   },
   {
      "TextID": "STR_MCQCS05LN7",
      "Value": "Yup. ",
      "MaxSize": 6,
      "IsDynamic": 0
   }
]