[
   {
      "TextID": "STR_EMMACS14LN1",
      "Value": "You know, I win a lot of races back home, but I never ",
      "MaxSize": 54,
      "IsDynamic": 0
   },
   {
      "TextID": "STR_EMMACS14LN1A",
      "Value": "thought I'd have such sensational competition over here!",
      "MaxSize": 94,
      "IsDynamic": 0
   },
   {
      "TextID": "STR_MATCS14LN1",
      "Value": "Aw, nobody could beat you in a race.",
      "MaxSize": 49,
      "IsDynamic": 0
   },
   {
      "TextID": "STR_EMMACS14LN2",
      "Value": "You just won, Mater, I was referring to you.  My, you are ",
      "MaxSize": 79,
      "IsDynamic": 0
   },
   {
      "TextID": "STR_EMMACS14LN2A",
      "Value": "modest.  I'm sure your fans love that about you.",
      "MaxSize": 64,
      "IsDynamic": 0
   },
   {
      "TextID": "STR_MATCS14LN2",
      "Value": "Fans?  Shoot, I ain't got no fans.  Well, unless you count ",
      "MaxSize": 70,
      "IsDynamic": 0
   },
   {
      "TextID": "STR_MATCS14LN2A",
      "Value": "the Sheriff, but he has to come watch me for legal reasons.",
      "MaxSize": 71,
      "IsDynamic": 0
   },
   {
      "TextID": "STR_EMMACS14LN3",
      "Value": "I see... ",
      "MaxSize": 16,
      "IsDynamic": 0
   },
   {
      "TextID": "STR_EMMACS14LN4",
      "Value": "Well, it's a shame, I've yet to see your ",
      "MaxSize": 64,
      "IsDynamic": 0
   },
   {
      "TextID": "STR_EMMACS14LN4A",
      "Value": "wonderful town. Would you give me a tour?",
      "MaxSize": 43,
      "IsDynamic": 0
   },
   {
      "TextID": "STR_MATCS14LN3",
      "Value": "Sure I will!  I don't mean to brag, but I know ",
      "MaxSize": 51,
      "IsDynamic": 0
   },
   {
      "TextID": "STR_MATCS14LN3A",
      "Value": "all the best gas stations here in town.",
      "MaxSize": 53,
      "IsDynamic": 0
   },
   {
      "TextID": "STR_EMMACS14LN5",
      "Value": "Really? ",
      "MaxSize": 12,
      "IsDynamic": 0
   },
   {
      "TextID": "STR_MATCS14LN4",
      "Value": "Oh yeah, there's Flo's V-8 caf\u00e9, and we got... uh... uh, well, ",
      "MaxSize": 72,
      "IsDynamic": 0
   },
   {
      "TextID": "STR_MATCS14LN4A",
      "Value": "that's really the only gas station actually, but it is gooood!",
      "MaxSize": 74,
      "IsDynamic": 0
   }
]