[
   {
      "TextID": "STR_MATCS07LN1",
      "Value": "Howdy folks, I'm here at the site of the new, uh, ",
      "MaxSize": 77,
      "IsDynamic": 0
   },
   {
      "TextID": "STR_MATCS07LN1A",
      "Value": "Radiator Springs Racin' Stadium of, uh, Radiator Springs!  ",
      "MaxSize": 73,
      "IsDynamic": 0
   },
   {
      "TextID": "STR_MATCS07LN1B",
      "Value": "It ain't even built yet but we already done had our first race!",
      "MaxSize": 84,
      "IsDynamic": 0
   },
   {
      "TextID": "STR_MATCS07LN2",
      "Value": "Hey Lightning, you wanna tell us what",
      "MaxSize": 45,
      "IsDynamic": 0
   },
   {
      "TextID": "STR_MATCS07LN2A",
      "Value": "else we got to look forward to this week?",
      "MaxSize": 48,
      "IsDynamic": 0
   },
   {
      "TextID": "STR_MCQCS07LN1",
      "Value": "Lots of exciting races, Mater, against some of the best competitors ",
      "MaxSize": 83,
      "IsDynamic": 0
   },
   {
      "TextID": "STR_MCQCS07LN1A",
      "Value": "from all over the world, each one a champion in their own right.",
      "MaxSize": 74,
      "IsDynamic": 0
   },
   {
      "TextID": "STR_MATCS07LN3",
      "Value": "Like that Giovanni fella.",
      "MaxSize": 28,
      "IsDynamic": 0
   },
   {
      "TextID": "STR_MCQCS07LN2",
      "Value": "Yeah, I'm looking forward to that race.  He's a winner, I'm ",
      "MaxSize": 72,
      "IsDynamic": 0
   },
   {
      "TextID": "STR_MCQCS07LN2A",
      "Value": "a winner, but there's only room in this town for one winner.",
      "MaxSize": 77,
      "IsDynamic": 0
   },
   {
      "TextID": "STR_MATCS07LN4",
      "Value": "Ooh, them's fightin' words.",
      "MaxSize": 36,
      "IsDynamic": 0
   },
   {
      "TextID": "STR_MCQCS07LN3",
      "Value": "Ah, just a friendly little knock.  Hey, speakin' of knockin' ",
      "MaxSize": 77,
      "IsDynamic": 0
   },
   {
      "TextID": "STR_MCQCS07LN3A",
      "Value": "around, I hear there's a big rallycross champ from England ",
      "MaxSize": 103,
      "IsDynamic": 0
   },
   {
      "TextID": "STR_MCQCS07LN3B",
      "Value": "you'll be tradin' paint with at the Rustbucket.",
      "MaxSize": 56,
      "IsDynamic": 0
   },
   {
      "TextID": "STR_MATCS07LN5",
      "Value": "Yes there is!",
      "MaxSize": 20,
      "IsDynamic": 0
   },
   {
      "TextID": "STR_MCQCS07LN4",
      "Value": "And are you ready? ",
      "MaxSize": 22,
      "IsDynamic": 0
   },
   {
      "TextID": "STR_MATCS07LN6",
      "Value": "No I am not.",
      "MaxSize": 20,
      "IsDynamic": 0
   },
   {
      "TextID": "STR_MCQCS07LN5",
      "Value": "Hey, where you going?!",
      "MaxSize": 28,
      "IsDynamic": 0
   },
   {
      "TextID": "STR_MATCS07LN7",
      "Value": "I gotta practice!",
      "MaxSize": 22,
      "IsDynamic": 0
   },
   {
      "TextID": "STR_MCQCS07LN6",
      "Value": "Okay, so anyway, stay tuned everybody, 'cause ",
      "MaxSize": 53,
      "IsDynamic": 0
   },
   {
      "TextID": "STR_MCQCS07LN6A",
      "Value": "this week is gonna be... supercharged!!",
      "MaxSize": 56,
      "IsDynamic": 0
   },
   {
      "TextID": "STR_LIZCS07LN1",
      "Value": "Here you go, champ!",
      "MaxSize": 27,
      "IsDynamic": 0
   },
   {
      "TextID": "STR_LIZCS07LN",
      "Value": "",
      "MaxSize": 0,
      "IsDynamic": 0
   },
   {
      "TextID": "STR_LIZCS07LN1A",
      "Value": "",
      "MaxSize": 0,
      "IsDynamic": 0
   },
   {
      "TextID": "STR_LIZCS07LN2",
      "Value": "That's for winning the race! ",
      "MaxSize": 32,
      "IsDynamic": 0
   },
   {
      "TextID": "STR_MCQCS07LN8",
      "Value": "Gee... Thanks, Lizzie.",
      "MaxSize": 25,
      "IsDynamic": 0
   }
]