[
   {
      "TextID": "STR_MATCS13LN",
      "Value": "",
      "MaxSize": 0,
      "IsDynamic": 0
   },
   {
      "TextID": "STR_MATCS13LN1",
      "Value": "Gah!",
      "MaxSize": 4,
      "IsDynamic": 0
   },
   {
      "TextID": "STR_EMMACS13LN1",
      "Value": "Oh, I'm so sorry, I completely wasn't watching ",
      "MaxSize": 59,
      "IsDynamic": 0
   },
   {
      "TextID": "STR_EMMACS13LN1A",
      "Value": "where I was going, are you alright?",
      "MaxSize": 44,
      "IsDynamic": 0
   },
   {
      "TextID": "STR_MATCS13LN2",
      "Value": "Aw, it's okay, I didn't hardly felt nothin'.",
      "MaxSize": 68,
      "IsDynamic": 0
   },
   {
      "TextID": "STR_EMMACS13LN2",
      "Value": "You're very tough, you know, I've been watching ",
      "MaxSize": 59,
      "IsDynamic": 0
   },
   {
      "TextID": "STR_EMMACS13LN2A",
      "Value": "your races, you are absolutely brilliant out there! ",
      "MaxSize": 52,
      "IsDynamic": 0
   },
   {
      "TextID": "STR_EMMACS13LN2B",
      "Value": "I bet there's a story behind every dent here.",
      "MaxSize": 80,
      "IsDynamic": 0
   },
   {
      "TextID": "STR_MATCS13LN3",
      "Value": "Boy, there sure is, and they all end ",
      "MaxSize": 50,
      "IsDynamic": 0
   },
   {
      "TextID": "STR_MATCS13LN3A",
      "Value": "with me smashin' into something. (laughs)",
      "MaxSize": 41,
      "IsDynamic": 0
   },
   {
      "TextID": "STR_EMMACS13LN3",
      "Value": "(laughs) Where are my manners?  My name is Emma.",
      "MaxSize": 52,
      "IsDynamic": 0
   },
   {
      "TextID": "STR_MATCS13LN4",
      "Value": "My name's Mater, and I've been looking for my manners for years.",
      "MaxSize": 74,
      "IsDynamic": 0
   },
   {
      "TextID": "STR_MATCS13LN4A",
      "Value": "",
      "MaxSize": 0,
      "IsDynamic": 0
   },
   {
      "TextID": "STR_EMMACS13LN4",
      "Value": "Well, I'd better get ready - I'll see you out there.",
      "MaxSize": 52,
      "IsDynamic": 0
   },
   {
      "TextID": "STR_EMMACS13LN4A",
      "Value": "",
      "MaxSize": 0,
      "IsDynamic": 0
   },
   {
      "TextID": "STR_MATCS13LN5",
      "Value": "(shy laugh) I hope I never forget the story of this dent.",
      "MaxSize": 62,
      "IsDynamic": 0
   }
]