[
   {
      "TextID": "STR_SHERCS28LN1",
      "Value": "Mater!  Get over here!",
      "MaxSize": 24,
      "IsDynamic": 0
   },
   {
      "TextID": "STR_MATCS28LN2",
      "Value": "Wha!",
      "MaxSize": 7,
      "IsDynamic": 0
   },
   {
      "TextID": "STR_MATCS28LN2A",
      "Value": "",
      "MaxSize": 0,
      "IsDynamic": 0
   },
   {
      "TextID": "STR_SHERCS28LN2",
      "Value": "There sure are a lot of tractors on the loose again.",
      "MaxSize": 56,
      "IsDynamic": 0
   },
   {
      "TextID": "STR_MATCS28LN3",
      "Value": "Yeah, those tractors, you know they're a lot smarter than they look.  ",
      "MaxSize": 85,
      "IsDynamic": 0
   },
   {
      "TextID": "STR_MATCS28LN3A",
      "Value": "I mean, I ain't never seen a tractor open no gate before, but... ",
      "MaxSize": 80,
      "IsDynamic": 0
   },
   {
      "TextID": "STR_SHERCS28LN3",
      "Value": "Mater... ",
      "MaxSize": 11,
      "IsDynamic": 0
   },
   {
      "TextID": "STR_MATCS28LN4",
      "Value": "Shoot. I'm sorry, Sheriff, we was just havin' some fun.",
      "MaxSize": 67,
      "IsDynamic": 0
   },
   {
      "TextID": "STR_SHERCS28LN4",
      "Value": "Yeah, well, I don't want you goin' out to that field again. ",
      "MaxSize": 68,
      "IsDynamic": 0
   },
   {
      "TextID": "STR_SHERCS28LN4A",
      "Value": "Especially with folks reporting they've been ",
      "MaxSize": 52,
      "IsDynamic": 0
   },
   {
      "TextID": "STR_SHERCS28LN4B",
      "Value": "seeing the ghost light out there.",
      "MaxSize": 40,
      "IsDynamic": 0
   },
   {
      "TextID": "STR_MATCS28LN5",
      "Value": "The... The G, the Ghostlight?!",
      "MaxSize": 44,
      "IsDynamic": 0
   },
   {
      "TextID": "STR_SHERCS28LN5",
      "Value": "That's right, the glowing blue ball of ghostly light that",
      "MaxSize": 69,
      "IsDynamic": 0
   },
   {
      "TextID": "STR_SHERCS28LN5A",
      "Value": "haunts these very parts - (gasps) What's that?!",
      "MaxSize": 57,
      "IsDynamic": 0
   },
   {
      "TextID": "STR_MATCS28LN6",
      "Value": "What?!",
      "MaxSize": 10,
      "IsDynamic": 0
   },
   {
      "TextID": "STR_MATCS28LN6A",
      "Value": "",
      "MaxSize": 0,
      "IsDynamic": 0
   },
   {
      "TextID": "STR_MATCS28LN7",
      "Value": "What'd you see?!",
      "MaxSize": 25,
      "IsDynamic": 0
   },
   {
      "TextID": "STR_SHERCS28LN6",
      "Value": "Nothin'.  Guess my eyes are playin' tricks on me.  You better get ",
      "MaxSize": 86,
      "IsDynamic": 0
   },
   {
      "TextID": "STR_SHERCS28LN6A",
      "Value": "on home. And watch out, 'cause you never know",
      "MaxSize": 50,
      "IsDynamic": 0
   },
   {
      "TextID": "STR_SHERCS28LN6B",
      "Value": " when the Ghostlight might be following you.",
      "MaxSize": 53,
      "IsDynamic": 0
   },
   {
      "TextID": "STR_MATCS28LN8",
      "Value": "Don't say stuff like that, I'm allergic to ghosts! ",
      "MaxSize": 67,
      "IsDynamic": 0
   }
]