[
   {
      "TextID": "STR_HIROCS15LN1",
      "Value": "",
      "MaxSize": 0,
      "IsDynamic": 0
   },
   {
      "TextID": "STR_SONCS15LN1A",
      "Value": "",
      "MaxSize": 0,
      "IsDynamic": 0
   },
   {
      "TextID": "STR_SONCS15LN1",
      "Value": "Who was that guy?",
      "MaxSize": 22,
      "IsDynamic": 0
   },
   {
      "TextID": "STR_VINCS15LN1",
      "Value": "(winded) I think maybe we're in the wrong race!",
      "MaxSize": 49,
      "IsDynamic": 0
   },
   {
      "TextID": "STR_MCQCS15LN1A",
      "Value": "",
      "MaxSize": 0,
      "IsDynamic": 0
   },
   {
      "TextID": "STR_MCQCS15LN1",
      "Value": "Huh.  Looks like there's a new guy in town... ",
      "MaxSize": 52,
      "IsDynamic": 0
   }
]