[
   {
      "TextID": "STR_MCQCS04LN1",
      "Value": "What's the problem, Sheriff?",
      "MaxSize": 29,
      "IsDynamic": 0
   },
   {
      "TextID": "STR_SHERCS04LN1",
      "Value": "Speed limit's 25 and I clocked this hot",
      "MaxSize": 40,
      "IsDynamic": 0
   },
   {
      "TextID": "STR_SHERCS04LN1A",
      "Value": "rodder doing 120, that's the problem.",
      "MaxSize": 57,
      "IsDynamic": 0
   },
   {
      "TextID": "STR_OTTOCS04LN1",
      "Value": "I'm a race car.  I go 0 to 90 in 2 seconds.  I have never",
      "MaxSize": 90,
      "IsDynamic": 0
   },
   {
      "TextID": "STR_OTTOCS04LN1A",
      "Value": "gone 25 in my life!  Where is the Autobahn around here, anyway?",
      "MaxSize": 81,
      "IsDynamic": 0
   },
   {
      "TextID": "STR_SHERCS04LN2",
      "Value": "Keeps goin' on about some Auto Barn or somethin'.  And ",
      "MaxSize": 91,
      "IsDynamic": 0
   },
   {
      "TextID": "STR_SHERCS04LN2B",
      "Value": "when I go to give him a ticket, he signs his name",
      "MaxSize": 65,
      "IsDynamic": 0
   },
   {
      "TextID": "STR_SHERCS04LN2C",
      "Value": "on it like I was askin' for an autograph!",
      "MaxSize": 59,
      "IsDynamic": 0
   },
   {
      "TextID": "STR_OTTOCS04LN2",
      "Value": "I'm Otto von Fassenbottom.  The famous race car.  I've ",
      "MaxSize": 56,
      "IsDynamic": 0
   },
   {
      "TextID": "STR_OTTOCS04LN2A",
      "Value": "come here to race, but there are no races yet --",
      "MaxSize": 86,
      "IsDynamic": 0
   },
   {
      "TextID": "STR_MCQCS04LN2",
      "Value": "Tell you what, Sheriff.  Lemme take Otto off your ",
      "MaxSize": 59,
      "IsDynamic": 0
   },
   {
      "TextID": "STR_MCQCS04LN2A",
      "Value": "hands for ya, I'll make sure he stays outta trouble.",
      "MaxSize": 57,
      "IsDynamic": 0
   },
   {
      "TextID": "STR_MCQCS04LN3",
      "Value": "Hey Otto, how's three laps sound?",
      "MaxSize": 59,
      "IsDynamic": 0
   },
   {
      "TextID": "STR_OTTOCS04LN3",
      "Value": "Like a Sunday drive.  I race in ",
      "MaxSize": 48,
      "IsDynamic": 0
   },
   {
      "TextID": "STR_OTTOCS04LN3A",
      "Value": "LeCars - one race last twenty-four hours.",
      "MaxSize": 54,
      "IsDynamic": 0
   },
   {
      "TextID": "STR_MCQCS04LN4",
      "Value": "That's a long race.  Let's just start with three laps.",
      "MaxSize": 69,
      "IsDynamic": 0
   },
   {
      "TextID": "STR_MCQCS04LN4A",
      "Value": "",
      "MaxSize": 0,
      "IsDynamic": 0
   },
   {
      "TextID": "STR_MCQCS04LN5",
      "Value": "C'mon Sheriff, why don't ya join us?",
      "MaxSize": 58,
      "IsDynamic": 0
   },
   {
      "TextID": "STR_SHERCS04LN3",
      "Value": "Hmph.",
      "MaxSize": 8,
      "IsDynamic": 0
   },
   {
      "TextID": "STR_MCQCS04LN6",
      "Value": "You can blast your siren.  It'll be fun.",
      "MaxSize": 46,
      "IsDynamic": 0
   },
   {
      "TextID": "STR_MCQCS04LN6A",
      "Value": "",
      "MaxSize": 0,
      "IsDynamic": 0
   },
   {
      "TextID": "STR_SHERCS04LN4",
      "Value": "Distant third, here I come. ",
      "MaxSize": 35,
      "IsDynamic": 0
   }
]