[
   {
      "TextID": "STR_MCQCS25LN1",
      "Value": "Hey, Mater.",
      "MaxSize": 16,
      "IsDynamic": 0
   },
   {
      "TextID": "STR_MATCS25LN1",
      "Value": "Whaa!!! You done grewed all big again!",
      "MaxSize": 70,
      "IsDynamic": 0
   },
   {
      "TextID": "STR_MATCS25LN2",
      "Value": "How do you keep doin' that, anyway?",
      "MaxSize": 46,
      "IsDynamic": 0
   },
   {
      "TextID": "STR_MCQCS25LN2",
      "Value": "It's just tires and a rig. Found 'em out in the desert.",
      "MaxSize": 63,
      "IsDynamic": 0
   },
   {
      "TextID": "STR_MATCS25LN3",
      "Value": "Aw, I wanna be a monster too...",
      "MaxSize": 54,
      "IsDynamic": 0
   },
   {
      "TextID": "STR_MCQCS25LN3",
      "Value": "Hey, you know what? I bet there's all kinda stuff still out in that ",
      "MaxSize": 87,
      "IsDynamic": 0
   },
   {
      "TextID": "STR_MCQCS25LN3B",
      "Value": "desert. Maybe Sarge will lend me his metal detector and then I can ",
      "MaxSize": 67,
      "IsDynamic": 0
   },
   {
      "TextID": "STR_MCQCS25LN3C",
      "Value": "go look for more truck parts. How's that sound, buddy?",
      "MaxSize": 72,
      "IsDynamic": 0
   },
   {
      "TextID": "STR_MATCS25LN4",
      "Value": "Ya mean, I'm gonna be a Monster Truck?",
      "MaxSize": 53,
      "IsDynamic": 0
   },
   {
      "TextID": "STR_MCQCS25LN4",
      "Value": "(chuckles) Oh yeah.  A Monster Tow Truck. ",
      "MaxSize": 47,
      "IsDynamic": 0
   }
]