[
   {
      "TextID": "STR_MATCS18LN1",
      "Value": "Welcome back, folks.  Mater here, and as you can see around ",
      "MaxSize": 78,
      "IsDynamic": 0
   },
   {
      "TextID": "STR_MATCS18LN1A",
      "Value": "me, the new stadium is just about done!  I'm savin' up for my season ",
      "MaxSize": 93,
      "IsDynamic": 0
   },
   {
      "TextID": "STR_MATCS18LN1B",
      "Value": "tickets now.  Huh-hey.  I might even get me some of them box seats.",
      "MaxSize": 95,
      "IsDynamic": 0
   },
   {
      "TextID": "STR_MCQCS18LN1",
      "Value": "Mater, you're on my crew.  You get to come here for free.",
      "MaxSize": 67,
      "IsDynamic": 0
   },
   {
      "TextID": "STR_MATCS18LN2",
      "Value": "I do?  Thanks, buddy!",
      "MaxSize": 31,
      "IsDynamic": 0
   },
   {
      "TextID": "STR_MATCS18LN3",
      "Value": "So the Maternational continues, and we are seein' ",
      "MaxSize": 60,
      "IsDynamic": 0
   },
   {
      "TextID": "STR_MATCS18LN3A",
      "Value": "some very interestin' matchups. Lightning, ",
      "MaxSize": 44,
      "IsDynamic": 0
   },
   {
      "TextID": "STR_MATCS18LN3B",
      "Value": "tell us about your big race against Koji.",
      "MaxSize": 60,
      "IsDynamic": 0
   },
   {
      "TextID": "STR_MCQCS18LN2",
      "Value": "Well, Koji comes to us from the world of drift racing, and although ",
      "MaxSize": 77,
      "IsDynamic": 0
   },
   {
      "TextID": "STR_MCQCS18LN2A",
      "Value": "that seems pretty different from my type of racing, it's actually not.",
      "MaxSize": 86,
      "IsDynamic": 0
   },
   {
      "TextID": "STR_MCQCS18LN2_ALT2",
      "Value": "Well, Shinji comes to us from the world of drift racing, and although ",
      "MaxSize": 79,
      "IsDynamic": 0
   },
   {
      "TextID": "STR_MCQCS18LN2_ALT2A",
      "Value": "that seems pretty different from my type of racing, it's actually not.",
      "MaxSize": 86,
      "IsDynamic": 0
   },
   {
      "TextID": "STR_MCQCS18LN2_ALT3",
      "Value": "Well, Kazu comes to us from the world of drift racing, and although ",
      "MaxSize": 77,
      "IsDynamic": 0
   },
   {
      "TextID": "STR_MCQCS18LN2_ALT3A",
      "Value": "that seems pretty different from my type of racing, it's actually not.",
      "MaxSize": 86,
      "IsDynamic": 0
   },
   {
      "TextID": "STR_MCQCS18LN2_ALT4",
      "Value": "Well, Toshi comes to us from the world of drift racing, and although ",
      "MaxSize": 78,
      "IsDynamic": 0
   },
   {
      "TextID": "STR_MCQCS18LN2_ALT4A",
      "Value": "that seems pretty different from my type of racing, it's actually not.",
      "MaxSize": 86,
      "IsDynamic": 0
   },
   {
      "TextID": "STR_MCQCS18LN2_ALT5",
      "Value": "Well, Koji comes to us from the world of drift racing, and although ",
      "MaxSize": 77,
      "IsDynamic": 0
   },
   {
      "TextID": "STR_MCQCS18LN2_ALT5A",
      "Value": "that seems pretty different from my type of racing, it's actually not.",
      "MaxSize": 86,
      "IsDynamic": 0
   },
   {
      "TextID": "STR_MCQCS18LN2_ALT6",
      "Value": "Well, Taka comes to us from the world of drift racing, and although ",
      "MaxSize": 77,
      "IsDynamic": 0
   },
   {
      "TextID": "STR_MCQCS18LN2_ALT6A",
      "Value": "that seems pretty different from my type of racing, it's actually not.",
      "MaxSize": 86,
      "IsDynamic": 0
   },
   {
      "TextID": "STR_MCQCS18LN2_ALT7",
      "Value": "Well, Nikko comes to us from the world of drift racing, and although",
      "MaxSize": 78,
      "IsDynamic": 0
   },
   {
      "TextID": "STR_MCQCS18LN2_ALT7A",
      "Value": "that seems pretty different from my type of racing, it's actually not.",
      "MaxSize": 86,
      "IsDynamic": 0
   },
   {
      "TextID": "STR_MATCS18LN4",
      "Value": "Is that a fact?  Now, if I get to come here for free, ",
      "MaxSize": 55,
      "IsDynamic": 0
   },
   {
      "TextID": "STR_MATCS18LN4A",
      "Value": "do I get stuff from the snack bar for free too?",
      "MaxSize": 63,
      "IsDynamic": 0
   },
   {
      "TextID": "STR_MCQCS18LN3",
      "Value": "Uh, sure Mater.",
      "MaxSize": 31,
      "IsDynamic": 0
   },
   {
      "TextID": "STR_MCQCS18LN4",
      "Value": "Anyway, as I was saying.  Drift racing is all about ",
      "MaxSize": 91,
      "IsDynamic": 0
   },
   {
      "TextID": "STR_MCQCS18LN4A",
      "Value": "style - you gotta have the technical chops, but if you can't make ",
      "MaxSize": 70,
      "IsDynamic": 0
   },
   {
      "TextID": "STR_MCQCS18LN4B",
      "Value": "it look good, then you're missing out on half of the equation.  Right?",
      "MaxSize": 77,
      "IsDynamic": 0
   },
   {
      "TextID": "STR_MATCS18LN5",
      "Value": "So lemme get this straight: even if there ain't ",
      "MaxSize": 62,
      "IsDynamic": 0
   },
   {
      "TextID": "STR_MATCS18LN5A",
      "Value": "a race goin' on, I can still come down to the snack bar.",
      "MaxSize": 70,
      "IsDynamic": 0
   },
   {
      "TextID": "STR_MCQCS18LN5",
      "Value": "Sure.  As much as you can haul outta here.",
      "MaxSize": 49,
      "IsDynamic": 0
   },
   {
      "TextID": "STR_MATCS18LN6",
      "Value": "Well all right!  (clears throat) Thank you Lightning McQueen, for ",
      "MaxSize": 66,
      "IsDynamic": 0
   },
   {
      "TextID": "STR_MATCS18LN6A",
      "Value": "coming by and bringing us up to speed on the races. (shouting ",
      "MaxSize": 66,
      "IsDynamic": 0
   },
   {
      "TextID": "STR_MATCS18LN6B",
      "Value": "excitedly, away from the microphone) Hey everybody --",
      "MaxSize": 53,
      "IsDynamic": 0
   },
   {
      "TextID": "STR_MATCS18LN6C",
      "Value": "I get free snacks at the snack bar",
      "MaxSize": 40,
      "IsDynamic": 0
   },
   {
      "TextID": "STR_MCQCS18LN6",
      "Value": "...glad I could help.",
      "MaxSize": 31,
      "IsDynamic": 0
   }
]