[
   {
      "TextID": "STR_MCQCS06LN1",
      "Value": "Hey, Doc, checkin' out the new stadium?",
      "MaxSize": 58,
      "IsDynamic": 0
   },
   {
      "TextID": "STR_HUDCS06LN1",
      "Value": "Yep.  Looking good.",
      "MaxSize": 23,
      "IsDynamic": 0
   },
   {
      "TextID": "STR_MCQCS06LN2",
      "Value": "Oh yeah.  Nice new track, spotting booth for ",
      "MaxSize": 56,
      "IsDynamic": 0
   },
   {
      "TextID": "STR_MCQCS06LN2A",
      "Value": "Mater, pits for Guido.  It's gonna be awesome.",
      "MaxSize": 47,
      "IsDynamic": 0
   },
   {
      "TextID": "STR_HUDCS06LN2",
      "Value": "Pretty fancy track.  You know what I had to practice on?  ",
      "MaxSize": 67,
      "IsDynamic": 0
   },
   {
      "TextID": "STR_HUDCS06LN2A",
      "Value": "Dirt.  Dirt track, wooden fences -",
      "MaxSize": 63,
      "IsDynamic": 0
   },
   {
      "TextID": "STR_MCQCS06LN3",
      "Value": "and you had to drive twelve miles to school in the snow without ",
      "MaxSize": 83,
      "IsDynamic": 0
   },
   {
      "TextID": "STR_MCQCS06LN3A",
      "Value": "chains.  C'mon Doc, this is gonna be great for the town.",
      "MaxSize": 85,
      "IsDynamic": 0
   },
   {
      "TextID": "STR_HUDCS06LN3",
      "Value": "I am proud of you, son.  You done good.",
      "MaxSize": 58,
      "IsDynamic": 0
   },
   {
      "TextID": "STR_MCQCS06LN4",
      "Value": "Wow, thanks Doc, that means a lot coming from --",
      "MaxSize": 64,
      "IsDynamic": 0
   },
   {
      "TextID": "STR_HUDCS06LN4",
      "Value": "That's all you're gonna get.",
      "MaxSize": 29,
      "IsDynamic": 0
   },
   {
      "TextID": "STR_MCQCS06LN5",
      "Value": "Okay. ",
      "MaxSize": 10,
      "IsDynamic": 0
   },
   {
      "TextID": "STR_HUDCS06LN5",
      "Value": "Well, well, well.  Looks to me like we got some folks ",
      "MaxSize": 60,
      "IsDynamic": 0
   },
   {
      "TextID": "STR_HUDCS06LN5A",
      "Value": "trying out the track before you.",
      "MaxSize": 53,
      "IsDynamic": 0
   },
   {
      "TextID": "STR_MCQCS06LN6",
      "Value": "What do you say we go down and get a race going?",
      "MaxSize": 54,
      "IsDynamic": 0
   },
   {
      "TextID": "STR_HUDCS06LN6",
      "Value": "Your track, honor goes to you.",
      "MaxSize": 41,
      "IsDynamic": 0
   },
   {
      "TextID": "STR_HUDCS06LN7",
      "Value": "Say, who's the fella all covered in stickers? ",
      "MaxSize": 64,
      "IsDynamic": 0
   }
]