[
   {
      "TextID": "STR_MATCS12LN1",
      "Value": "Hey, cousin.  I thought we got a race ",
      "MaxSize": 56,
      "IsDynamic": 0
   },
   {
      "TextID": "STR_MATCS12LN1A",
      "Value": "today. Ain't nobody gettin' ready?",
      "MaxSize": 34,
      "IsDynamic": 0
   },
   {
      "TextID": "STR_TJCS12LN1A",
      "Value": "Aw, they been sittin' like that for the last hour.",
      "MaxSize": 52,
      "IsDynamic": 0
   },
   {
      "TextID": "STR_MATCS12LN2",
      "Value": "What're they lookin' at?",
      "MaxSize": 28,
      "IsDynamic": 0
   },
   {
      "TextID": "STR_TJCS12LN3",
      "Value": "That there rally car, who come all the way here from",
      "MaxSize": 58,
      "IsDynamic": 0
   },
   {
      "TextID": "STR_TJCS12LN3A",
      "Value": "England for the festival. She's real purty, ain't she?",
      "MaxSize": 62,
      "IsDynamic": 0
   },
   {
      "TextID": "STR_MATCS12LN3",
      "Value": "Uh-huh.",
      "MaxSize": 8,
      "IsDynamic": 0
   },
   {
      "TextID": "STR_CLECS12LN1",
      "Value": "Uh-huh.",
      "MaxSize": 8,
      "IsDynamic": 0
   },
   {
      "TextID": "STR_BUFCS12LN1",
      "Value": "Uh-huh.",
      "MaxSize": 8,
      "IsDynamic": 0
   },
   {
      "TextID": "STR_MATCS12LN4",
      "Value": "Oh no, she's lookin' this way, quick, act natural, act natural!",
      "MaxSize": 76,
      "IsDynamic": 0
   },
   {
      "TextID": "STR_MATCS12LN4A",
      "Value": "",
      "MaxSize": 0,
      "IsDynamic": 0
   },
   {
      "TextID": "STR_EMMACS12LN1",
      "Value": "(Laughs) Oh dear.  They're off their rocker-bars.",
      "MaxSize": 49,
      "IsDynamic": 0
   }
]