[
   {
      "TextID": "STR_LM16A1",
      "Value": "Psst... Mater.",
      "MaxSize": 22,
      "IsDynamic": 0
   },
   {
      "TextID": "STR_MA16A1",
      "Value": "What?  What happen - somebody call the police...",
      "MaxSize": 53,
      "IsDynamic": 0
   },
   {
      "TextID": "STR_MA16A2",
      "Value": "Oh, hey, buddy.",
      "MaxSize": 20,
      "IsDynamic": 0
   },
   {
      "TextID": "STR_LM16A2",
      "Value": "C'mon, let's go tractor tipping.",
      "MaxSize": 40,
      "IsDynamic": 0
   },
   {
      "TextID": "STR_MA16A3A",
      "Value": "Wait a minute, you wanna go tractor tipping?",
      "MaxSize": 56,
      "IsDynamic": 0
   },
   {
      "TextID": "STR_MA16A3B",
      "Value": "Haha, please, I thought you was a-scared.",
      "MaxSize": 51,
      "IsDynamic": 0
   },
   {
      "TextID": "STR_LM16A3",
      "Value": "Me?  Afraid of tractors?",
      "MaxSize": 26,
      "IsDynamic": 0
   },
   {
      "TextID": "STR_MA16A5",
      "Value": "No, a-scared of Frank.",
      "MaxSize": 23,
      "IsDynamic": 0
   },
   {
      "TextID": "STR_LM16A4",
      "Value": "Nah.  Frank's a big guy.  Moves slow.",
      "MaxSize": 45,
      "IsDynamic": 0
   },
   {
      "TextID": "STR_MA16A6",
      "Value": "I seen him move pretty fast.",
      "MaxSize": 45,
      "IsDynamic": 0
   },
   {
      "TextID": "STR_LM16A5",
      "Value": "He moves left, I'll fake to the right.  He cuts to the right,  I shoot to the left.",
      "MaxSize": 104,
      "IsDynamic": 0
   },
   {
      "TextID": "STR_MA16A7",
      "Value": "Well, alright then smarty-fenders, what if he comes straight at us?",
      "MaxSize": 69,
      "IsDynamic": 0
   },
   {
      "TextID": "STR_LM16A7",
      "Value": "Easy.  We run.  ",
      "MaxSize": 32,
      "IsDynamic": 0
   },
   {
      "TextID": "STR_MA16S1_1",
      "Value": "Hehe.  This is gonna be fun.",
      "MaxSize": 33,
      "IsDynamic": 0
   },
   {
      "TextID": "STR_LM16F1",
      "Value": "Whoaaa!!!",
      "MaxSize": 10,
      "IsDynamic": 0
   },
   {
      "TextID": "STR_MA16F1",
      "Value": "Run!  He's gonna get ya! ",
      "MaxSize": 38,
      "IsDynamic": 0
   }
]