[
   {
      "TextID": "STR_GIOCS19LN1",
      "Value": "Congratulations, this is a beautiful stadium.",
      "MaxSize": 51,
      "IsDynamic": 0
   },
   {
      "TextID": "STR_GIOCS19LN2",
      "Value": "Well what do you think audience?",
      "MaxSize": 51,
      "IsDynamic": 0
   },
   {
      "TextID": "STR_GIOCS19LN2A",
      "Value": "",
      "MaxSize": 1,
      "IsDynamic": 0
   },
   {
      "TextID": "STR_MCQCS19LN1",
      "Value": "Oh yeah, and this is a great opening day crowd.  ",
      "MaxSize": 66,
      "IsDynamic": 0
   },
   {
      "TextID": "STR_MCQCS19LN1A",
      "Value": "I bet they can hear us out at the Interstate.",
      "MaxSize": 56,
      "IsDynamic": 0
   },
   {
      "TextID": "STR_MCQCS19LN1B",
      "Value": "",
      "MaxSize": 0,
      "IsDynamic": 0
   },
   {
      "TextID": "STR_MCQCS19LN2",
      "Value": "So, ready to put on a good show?",
      "MaxSize": 53,
      "IsDynamic": 0
   },
   {
      "TextID": "STR_GIOCS19LN3",
      "Value": "It will be a wonderful race.  However, I do feel a little bit badly - ",
      "MaxSize": 78,
      "IsDynamic": 0
   },
   {
      "TextID": "STR_GIOCS19LN3A",
      "Value": "I would hate for you to lose on your home ground... but, ",
      "MaxSize": 62,
      "IsDynamic": 0
   },
   {
      "TextID": "STR_GIOCS19LN3B",
      "Value": "I'm also not just going to let you win.",
      "MaxSize": 65,
      "IsDynamic": 0
   },
   {
      "TextID": "STR_MCQCS19LN3",
      "Value": "I wouldn't expect anything less.  Bring it on.",
      "MaxSize": 54,
      "IsDynamic": 0
   },
   {
      "TextID": "STR_MCQCS19LN3A",
      "Value": "",
      "MaxSize": 0,
      "IsDynamic": 0
   },
   {
      "TextID": "STR_MCQCS19LN4",
      "Value": "But before we get started, there's still the little matter of ",
      "MaxSize": 62,
      "IsDynamic": 0
   },
   {
      "TextID": "STR_MCQCS19LN4A",
      "Value": "commemorating the stadium.  You see the red ribbon down there?",
      "MaxSize": 66,
      "IsDynamic": 0
   },
   {
      "TextID": "STR_MCQCS19LN4B",
      "Value": "",
      "MaxSize": 0,
      "IsDynamic": 0
   },
   {
      "TextID": "STR_GIOCS19LN4",
      "Value": "I see it.  First one there cuts the ribbon?",
      "MaxSize": 63,
      "IsDynamic": 0
   },
   {
      "TextID": "STR_GIOCS19LN4A",
      "Value": "",
      "MaxSize": 0,
      "IsDynamic": 0
   },
   {
      "TextID": "STR_LUICS19LN1",
      "Value": "Go!",
      "MaxSize": 6,
      "IsDynamic": 0
   },
   {
      "TextID": "STR_LUICS19LN1A",
      "Value": "",
      "MaxSize": 0,
      "IsDynamic": 0
   },
   {
      "TextID": "STR_MCQCS19LN5",
      "Value": "Oh yeah.  This is gonna be fun. ",
      "MaxSize": 38,
      "IsDynamic": 0
   }
]