[
   {
      "TextID": "STR_MCQCS17LN1",
      "Value": "Wow, you burn through your tires pretty quick doing ",
      "MaxSize": 68,
      "IsDynamic": 0
   },
   {
      "TextID": "STR_MCQCS17LN1A",
      "Value": "that.  You know, you should go see Luigi down at -",
      "MaxSize": 53,
      "IsDynamic": 0
   },
   {
      "TextID": "STR_MCQCS17LN",
      "Value": "",
      "MaxSize": 0,
      "IsDynamic": 0
   },
   {
      "TextID": "STR_HIROCS17LN1",
      "Value": "",
      "MaxSize": 0,
      "IsDynamic": 0
   },
   {
      "TextID": "STR_MATCS17LN1",
      "Value": "Whoooo-hoooooo-whooaa!!!",
      "MaxSize": 30,
      "IsDynamic": 0
   },
   {
      "TextID": "STR_HIROCS17LN2",
      "Value": "",
      "MaxSize": 0,
      "IsDynamic": 0
   },
   {
      "TextID": "STR_MATCS17LN3",
      "Value": "Taaa-daaa!!! (low) Ow.",
      "MaxSize": 22,
      "IsDynamic": 0
   },
   {
      "TextID": "STR_HIROCS17LN3",
      "Value": "",
      "MaxSize": 0,
      "IsDynamic": 0
   },
   {
      "TextID": "STR_MCQCS17LN2",
      "Value": "Mater, that was incredble!  Are you okay?",
      "MaxSize": 52,
      "IsDynamic": 0
   },
   {
      "TextID": "STR_MATCS17LN4",
      "Value": "Oh yeah, that was fuhh-un!",
      "MaxSize": 29,
      "IsDynamic": 0
   },
   {
      "TextID": "STR_MATCS17LN5",
      "Value": "(low) Call a tow truck.",
      "MaxSize": 25,
      "IsDynamic": 0
   }
]