[
   {
      "TextID": "STR_MCQCS20LN2",
      "Value": "Great race, Giovanni!",
      "MaxSize": 30,
      "IsDynamic": 0
   },
   {
      "TextID": "STR_GIOCS20LN1",
      "Value": "Yes. Someday we will have to try that again.",
      "MaxSize": 47,
      "IsDynamic": 0
   },
   {
      "TextID": "STR_LUICS20LN1",
      "Value": "Yes!!  Again!!",
      "MaxSize": 23,
      "IsDynamic": 0
   },
   {
      "TextID": "STR_LUICS20LN2",
      "Value": "You must race again!",
      "MaxSize": 30,
      "IsDynamic": 0
   },
   {
      "TextID": "STR_GIOCS20LN2",
      "Value": "But you saw Lightning, he won.",
      "MaxSize": 35,
      "IsDynamic": 0
   },
   {
      "TextID": "STR_LUICS20LN3",
      "Value": "The sun was in your eyes! You were ",
      "MaxSize": 37,
      "IsDynamic": 0
   },
   {
      "TextID": "STR_LUICS20LN3A",
      "Value": "distracted by your thoughts of home!",
      "MaxSize": 49,
      "IsDynamic": 0
   },
   {
      "TextID": "STR_LUICS20LN4",
      "Value": "Look, all of your tires, they are almost flat!  It ",
      "MaxSize": 51,
      "IsDynamic": 0
   },
   {
      "TextID": "STR_LUICS20LN4A",
      "Value": "is a tragedy from which I will never recover!",
      "MaxSize": 58,
      "IsDynamic": 0
   },
   {
      "TextID": "STR_GIOCS20LN3",
      "Value": "I guess we race again?",
      "MaxSize": 39,
      "IsDynamic": 0
   },
   {
      "TextID": "STR_MCQCS20LN3",
      "Value": "For Luigi? Sure. It's the least we can do. But what do ya say we ",
      "MaxSize": 80,
      "IsDynamic": 0
   },
   {
      "TextID": "STR_MCQCS20LN3A",
      "Value": "make it a little more interesting?  You and two of your friends, ",
      "MaxSize": 75,
      "IsDynamic": 0
   },
   {
      "TextID": "STR_MCQCS20LN3B",
      "Value": "against me and two of mine. Home team vs away. Okay?",
      "MaxSize": 68,
      "IsDynamic": 0
   },
   {
      "TextID": "STR_GIOCS20LN4",
      "Value": "Okay. For Luigi.",
      "MaxSize": 29,
      "IsDynamic": 0
   },
   {
      "TextID": "STR_GIOCS20LN4A",
      "Value": "",
      "MaxSize": 0,
      "IsDynamic": 0
   },
   {
      "TextID": "STR_MCQCS20LN4",
      "Value": "That's right. We're nothing without our fans. ",
      "MaxSize": 46,
      "IsDynamic": 0
   }
]