[
   {
      "TextID": "STR_LUICS23LN1",
      "Value": "Ah, hello my friend! You come for some tires?",
      "MaxSize": 53,
      "IsDynamic": 0
   },
   {
      "TextID": "STR_MCQCS23LN1",
      "Value": "Yeah, do you still have those big monster truck tires?",
      "MaxSize": 66,
      "IsDynamic": 0
   },
   {
      "TextID": "STR_MCQCS23LN1A",
      "Value": "",
      "MaxSize": 0,
      "IsDynamic": 0
   },
   {
      "TextID": "STR_LUICS23LN2",
      "Value": "Guido! The big tires, where are they?",
      "MaxSize": 42,
      "IsDynamic": 0
   },
   {
      "TextID": "STR_LUICS23LN3",
      "Value": "Guido, you know, the big big BIG tires!",
      "MaxSize": 55,
      "IsDynamic": 0
   },
   {
      "TextID": "STR_LUICS23LN4",
      "Value": "Well, they did not just roll out of the tire rack and away from ",
      "MaxSize": 64,
      "IsDynamic": 0
   },
   {
      "TextID": "STR_LUICS23LN4A",
      "Value": "the store by themselves, did they?",
      "MaxSize": 45,
      "IsDynamic": 0
   },
   {
      "TextID": "STR_LUICS23LN4B",
      "Value": "",
      "MaxSize": 0,
      "IsDynamic": 0
   },
   {
      "TextID": "STR_LUICS23LN5",
      "Value": "Ah, little problem with the big tires.",
      "MaxSize": 49,
      "IsDynamic": 0
   },
   {
      "TextID": "STR_MCQCS23LN2",
      "Value": "No, I get it, they're around here somewhere.  I'll go find 'em.",
      "MaxSize": 78,
      "IsDynamic": 0
   },
   {
      "TextID": "STR_LUICS23LN6",
      "Value": "Bellissimo! And then you come back, and ",
      "MaxSize": 54,
      "IsDynamic": 0
   },
   {
      "TextID": "STR_LUICS23LN6A",
      "Value": "we make you big and strong again!",
      "MaxSize": 43,
      "IsDynamic": 0
   },
   {
      "TextID": "STR_MCQCS23LN3",
      "Value": "Uh, you mean bigger and stronger, right?",
      "MaxSize": 57,
      "IsDynamic": 0
   },
   {
      "TextID": "STR_LUICS23LN7",
      "Value": "Right, is what I said. Big and strong!",
      "MaxSize": 45,
      "IsDynamic": 0
   }
]