[
   {
      "TextID": "STR_MATCS11LN1",
      "Value": "This is Mater, reporting to you live from the new ",
      "MaxSize": 64,
      "IsDynamic": 0
   },
   {
      "TextID": "STR_MATCS11LN1A",
      "Value": "stadium, where they're making... (what's the word?) ",
      "MaxSize": 58,
      "IsDynamic": 0
   },
   {
      "TextID": "STR_MATCS11LN1B",
      "Value": "tremendous progress on... the progress!",
      "MaxSize": 39,
      "IsDynamic": 0
   },
   {
      "TextID": "STR_MATCS11LN2",
      "Value": "So, Lightning. Your second big race of the ",
      "MaxSize": 50,
      "IsDynamic": 0
   },
   {
      "TextID": "STR_MATCS11LN2A",
      "Value": "week, and you done won again. How's it feel?",
      "MaxSize": 51,
      "IsDynamic": 0
   },
   {
      "TextID": "STR_MCQCS11LN2",
      "Value": "Um, everything's great, Mater. ",
      "MaxSize": 42,
      "IsDynamic": 0
   },
   {
      "TextID": "STR_MCQCS11LN1",
      "Value": "Uh, it feels good, Mater, thanks. Gudmund ",
      "MaxSize": 42,
      "IsDynamic": 0
   },
   {
      "TextID": "STR_MCQCS11LN1A",
      "Value": "was a, uh, memorable competitor.",
      "MaxSize": 53,
      "IsDynamic": 0
   },
   {
      "TextID": "STR_MATCS11LN3",
      "Value": "Now, you got here to town a ways back.  You were lost.  ",
      "MaxSize": 71,
      "IsDynamic": 0
   },
   {
      "TextID": "STR_MATCS11LN3A",
      "Value": "Alone.  You even hadta wear a parkin' boot.  And now, ",
      "MaxSize": 82,
      "IsDynamic": 0
   },
   {
      "TextID": "STR_MATCS11LN3B",
      "Value": "you live here and all this great stuff is happenin'  ",
      "MaxSize": 68,
      "IsDynamic": 0
   },
   {
      "TextID": "STR_MATCS11LN3C",
      "Value": "for ya. Tell us: how do you feel right now.",
      "MaxSize": 49,
      "IsDynamic": 0
   },
   {
      "TextID": "STR_MATCS11LN4",
      "Value": "Look, I done made you cry with that last question!",
      "MaxSize": 61,
      "IsDynamic": 0
   },
   {
      "TextID": "STR_MCQCS11LN3",
      "Value": "I'm not crying.",
      "MaxSize": 21,
      "IsDynamic": 0
   },
   {
      "TextID": "STR_MATCS11LN5",
      "Value": "Sure you are.  Right there.  A tear! ",
      "MaxSize": 49,
      "IsDynamic": 0
   },
   {
      "TextID": "STR_MCQCS11LN4",
      "Value": "That's not a tear, that's condensation.  It's dew.",
      "MaxSize": 65,
      "IsDynamic": 0
   },
   {
      "TextID": "STR_MATCS11LN6",
      "Value": "It's the afternoon.  There ain't no dew.",
      "MaxSize": 48,
      "IsDynamic": 0
   },
   {
      "TextID": "STR_MCQCS11LN5",
      "Value": "Trust me, it's not a tear.  Look at me, do I look sad? ",
      "MaxSize": 82,
      "IsDynamic": 0
   },
   {
      "TextID": "STR_MATCS11LN7",
      "Value": "Zoom in!  Zoom in!  Let's have a look at the tears of a champion!",
      "MaxSize": 74,
      "IsDynamic": 0
   }
]