[
   {
      "TextID": "STR_FFF_HEADER",
      "Value": "FILLMORE'S FUEL FRENZY",
      "MaxSize": 32,
      "IsDynamic": 0
   },
   {
      "TextID": "STR_FFF_INFO1",
      "Value": "Collect gas cans as you drive:",
      "MaxSize": 45,
      "IsDynamic": 0
   },
   {
      "TextID": "STR_FFF_INFO2",
      "Value": "Don't overfill your tank - that wastes fuel",
      "MaxSize": 72,
      "IsDynamic": 0
   },
   {
      "TextID": "STR_FFF_INFO3",
      "Value": "The number on a can shows uses remaining, don't waste them.",
      "MaxSize": 106,
      "IsDynamic": 0
   },
   {
      "TextID": "STR_FFF_INFO4",
      "Value": "Drive as many laps as you can!",
      "MaxSize": 37,
      "IsDynamic": 0
   },
   {
      "TextID": "STR_FFF_GREAT_JOB",
      "Value": "Great job fueling up!",
      "MaxSize": 33,
      "IsDynamic": 0
   },
   {
      "TextID": "STR_FFF_YOU_LOSE",
      "Value": "You didn't complete enough laps to finish this event.",
      "MaxSize": 73,
      "IsDynamic": 0
   },
   {
      "TextID": "STR_FFF_GAS_WASTED_01",
      "Value": "You didn't waste any gas.  Excellent!",
      "MaxSize": 47,
      "IsDynamic": 0
   },
   {
      "TextID": "STR_FFF_GAS_WASTED_02",
      "Value": "You wasted very little gas \u2013 well done! ",
      "MaxSize": 54,
      "IsDynamic": 0
   },
   {
      "TextID": "STR_FFF_GAS_WASTED_03",
      "Value": "You are overfilling your tank too often.",
      "MaxSize": 46,
      "IsDynamic": 0
   },
   {
      "TextID": "STR_FFF_GAS_WASTED_04",
      "Value": "Try not to put more gas in your tank than it can hold.",
      "MaxSize": 79,
      "IsDynamic": 0
   },
   {
      "TextID": "STR_FFF_REWARD_01",
      "Value": "You didn't go far enough",
      "MaxSize": 42,
      "IsDynamic": 0
   },
   {
      "TextID": "STR_SMALL",
      "Value": "SMALL",
      "MaxSize": 8,
      "IsDynamic": 0
   },
   {
      "TextID": "STR_MEDIUM",
      "Value": "MEDIUM",
      "MaxSize": 7,
      "IsDynamic": 0
   },
   {
      "TextID": "STR_LARGE",
      "Value": "LARGE",
      "MaxSize": 6,
      "IsDynamic": 0
   },
   {
      "TextID": "STR_FUELMETER_EMPTY",
      "Value": "E",
      "MaxSize": 1,
      "IsDynamic": 0
   },
   {
      "TextID": "STR_FUEULMETER_FULL",
      "Value": "F",
      "MaxSize": 1,
      "IsDynamic": 0
   },
   {
      "TextID": "STR_2_LAPS",
      "Value": "TWO COMPLETE LAPS:",
      "MaxSize": 22,
      "IsDynamic": 0
   },
   {
      "TextID": "STR_3_LAPS",
      "Value": "THREE COMPLETE LAPS:",
      "MaxSize": 23,
      "IsDynamic": 0
   },
   {
      "TextID": "STR_4_LAPS",
      "Value": "FOUR COMPLETE LAPS:",
      "MaxSize": 25,
      "IsDynamic": 0
   },
   {
      "TextID": "STR_5_LAPS",
      "Value": "FIVE COMPLETE LAPS:",
      "MaxSize": 24,
      "IsDynamic": 0
   },
   {
      "TextID": "STR_LAPS",
      "Value": "LAPS:",
      "MaxSize": 8,
      "IsDynamic": 0
   },
   {
      "TextID": "STR_GAS_WASTED",
      "Value": "GAS WASTED:",
      "MaxSize": 20,
      "IsDynamic": 0
   },
   {
      "TextID": "STR_OVERLAY_MSG_1",
      "Value": "Congratulations!  You win!",
      "MaxSize": 31,
      "IsDynamic": 0
   },
   {
      "TextID": "STR_OVERLAY_MSG_2",
      "Value": "But keep driving to try to set a record!",
      "MaxSize": 62,
      "IsDynamic": 0
   },
   {
      "TextID": "STR_OVERLAY_MSG_3",
      "Value": "You Won!",
      "MaxSize": 17,
      "IsDynamic": 0
   },
   {
      "TextID": "STR_OVERLAY_MSG_4",
      "Value": "You ran out of gas!",
      "MaxSize": 29,
      "IsDynamic": 0
   },
   {
      "TextID": "STR_FFF_SELECT_01",
      "Value": "Beat all nine Fuel Frenzy levels to earn a sticker!",
      "MaxSize": 79,
      "IsDynamic": 0
   },
   {
      "TextID": "STR_FFF_SELECT_02",
      "Value": "Congratulations!  You have beaten all the Fuel Frenzy levels!",
      "MaxSize": 74,
      "IsDynamic": 0
   },
   {
      "TextID": "STR_FFF_SELECT_03",
      "Value": "There are more Fuel Frenzy levels in Ornament Valley and Tailfin Pass.",
      "MaxSize": 95,
      "IsDynamic": 0
   },
   {
      "TextID": "STR_FFF_SELECT_04",
      "Value": "Beat all the remaining Fuel Frenzy levels to win a sticker.",
      "MaxSize": 85,
      "IsDynamic": 0
   },
   {
      "TextID": "STR_FFF_SELECT_05",
      "Value": "One more level to go to win the Golden Gas Can!",
      "MaxSize": 72,
      "IsDynamic": 0
   },
   {
      "TextID": "STR_FFF_AWARD_01",
      "Value": "Play more Fuel Frenzy levels in Ornament Valley",
      "MaxSize": 72,
      "IsDynamic": 0
   },
   {
      "TextID": "STR_FFF_AWARD_02",
      "Value": "Play more Fuel Frenzy levels in Tailfin Pass",
      "MaxSize": 71,
      "IsDynamic": 0
   },
   {
      "TextID": "STR_FFF_AWARD_03",
      "Value": "Beat this level to win the Golden Gas Can!",
      "MaxSize": 65,
      "IsDynamic": 0
   },
   {
      "TextID": "STR_FFF_PROGRESS_01",
      "Value": "Win the Golden Gas Can sticker after beating level 9!",
      "MaxSize": 78,
      "IsDynamic": 0
   },
   {
      "TextID": "STR_FFF_FUEL_EFFICIENCY_RATING",
      "Value": "Fuel Efficiency Rating",
      "MaxSize": 34,
      "IsDynamic": 0
   }
]