[
   {
      "TextID": "STR_GHOSTLIGHT_PROGRESS_MSG",
      "Value": "Beat the slow and fast times for every level to unlock the Ghost Light!",
      "MaxSize": 95,
      "IsDynamic": 0
   },
   {
      "TextID": "STR_GL_HEADER",
      "Value": "GHOSTING MATER",
      "MaxSize": 23,
      "IsDynamic": 0
   },
   {
      "TextID": "STR_GL_INSTRUCTIONS1",
      "Value": "Steer Mater LEFT to make him go RIGHT.  Steer him RIGHT to go LEFT.",
      "MaxSize": 132,
      "IsDynamic": 0
   },
   {
      "TextID": "STR_GL_INSTRUCTIONS2",
      "Value": "Get the scare points to keep Mater moving, but you don't have to get them all.",
      "MaxSize": 110,
      "IsDynamic": 0
   },
   {
      "TextID": "STR_GL_INSTRUCTIONS3",
      "Value": "If Mater stops, you lose.",
      "MaxSize": 36,
      "IsDynamic": 0
   },
   {
      "TextID": "STR_GL_INSTRUCTIONS4",
      "Value": "Guide Mater all the way back to his junkyard to win!",
      "MaxSize": 74,
      "IsDynamic": 0
   },
   {
      "TextID": "STR_GL_LOST_MSG",
      "Value": "I knowed it wasn't the Ghost Light all along!",
      "MaxSize": 70,
      "IsDynamic": 0
   },
   {
      "TextID": "STR_GL_WON_MSG",
      "Value": "Whew! You got away from that dang Ghost Light!",
      "MaxSize": 61,
      "IsDynamic": 0
   },
   {
      "TextID": "STR_SCARE_MATER",
      "Value": "SCARE MATER HOME:",
      "MaxSize": 39,
      "IsDynamic": 0
   },
   {
      "TextID": "STR_MATER_FAILED_MSG_1",
      "Value": "MATER DIDN'T MAKE IT HOME",
      "MaxSize": 38,
      "IsDynamic": 0
   },
   {
      "TextID": "STR_MATER_FAILED_MSG_2",
      "Value": "You didn't scare Mater far enough.",
      "MaxSize": 64,
      "IsDynamic": 0
   },
   {
      "TextID": "STR_GL_SELECT_01",
      "Value": "There are seven Ghosting Mater levels to beat",
      "MaxSize": 63,
      "IsDynamic": 0
   },
   {
      "TextID": "STR_GL_SELECT_02",
      "Value": "Congratulations!  You have beaten all the Ghosting Mater levels!",
      "MaxSize": 69,
      "IsDynamic": 0
   },
   {
      "TextID": "STR_GL_SELECT_03",
      "Value": "To earn the Ghost Light, beat the slow time on each of the Ghosting Mater levels.",
      "MaxSize": 119,
      "IsDynamic": 0
   },
   {
      "TextID": "STR_GL_SELECT_04",
      "Value": "To earn the Ghost Light, beat the fast time on each of the Ghosting Mater levels.",
      "MaxSize": 121,
      "IsDynamic": 0
   },
   {
      "TextID": "STR_GL_SELECT_05",
      "Value": "Beat the fast time on the last Ghosting Mater level to win the Ghost Light!",
      "MaxSize": 108,
      "IsDynamic": 0
   },
   {
      "TextID": "STR_GL_SELECT_06",
      "Value": "Beat the slow time on the last Ghosting Mater level to win the Ghost Light!",
      "MaxSize": 103,
      "IsDynamic": 0
   },
   {
      "TextID": "STR_GL_SELECT_07",
      "Value": "Just the fast and slow times left to beat on the last Ghosting Mater level.",
      "MaxSize": 113,
      "IsDynamic": 0
   },
   {
      "TextID": "STR_GL_AWARD_01",
      "Value": "Try skipping some scare points to get Mater home more slowly",
      "MaxSize": 95,
      "IsDynamic": 0
   },
   {
      "TextID": "STR_GL_AWARD_02",
      "Value": "To earn the Ghost Light, you need to beat each level really fast",
      "MaxSize": 84,
      "IsDynamic": 0
   },
   {
      "TextID": "STR_GL_OVERLAY_01",
      "Value": "MATER DIDN'T MAKE IT HOME",
      "MaxSize": 38,
      "IsDynamic": 0
   },
   {
      "TextID": "STR_GL_OVERLAY_02",
      "Value": "YOU DIDN'T SCARE MATER FAR ENOUGH ",
      "MaxSize": 65,
      "IsDynamic": 0
   },
   {
      "TextID": "STR_GL_OVERLAY_03",
      "Value": "Remember: STEER LEFT to GO RIGHT!",
      "MaxSize": 59,
      "IsDynamic": 0
   },
   {
      "TextID": "STR_GL_RESULTS_01",
      "Value": "You beat the fast time for this level!",
      "MaxSize": 55,
      "IsDynamic": 0
   },
   {
      "TextID": "STR_GL_RESULTS_02",
      "Value": "You beat the slow time for this level!",
      "MaxSize": 55,
      "IsDynamic": 0
   },
   {
      "TextID": "STR_GL_PROGRESS_01",
      "Value": "Beat both the slow and fast times for every level to win the Ghost Light!",
      "MaxSize": 95,
      "IsDynamic": 0
   }
]