[
   {
      "TextID": "STR_LL_SELECT_01",
      "Value": "There are six Last Laugh levels to beat",
      "MaxSize": 68,
      "IsDynamic": 0
   },
   {
      "TextID": "STR_LL_SELECT_02",
      "Value": "Congratulations!  You have beaten all the Last Laugh levels!",
      "MaxSize": 76,
      "IsDynamic": 0
   },
   {
      "TextID": "STR_LL_SELECT_03",
      "Value": "There are more Last Laugh levels in Ornament Valley and Tailfin Pass.",
      "MaxSize": 106,
      "IsDynamic": 0
   },
   {
      "TextID": "STR_LL_SELECT_04",
      "Value": "There are more Last Laugh levels in Tailfin Pass.",
      "MaxSize": 82,
      "IsDynamic": 0
   },
   {
      "TextID": "STR_LL_SELECT_05",
      "Value": "Only two more Last Laugh levels left to beat!",
      "MaxSize": 65,
      "IsDynamic": 0
   },
   {
      "TextID": "STR_LL_SELECT_06",
      "Value": "Only one more Last Laugh level left to beat!",
      "MaxSize": 61,
      "IsDynamic": 0
   },
   {
      "TextID": "STR_LL_INSTR_01",
      "Value": "Collect laugh canisters!",
      "MaxSize": 34,
      "IsDynamic": 0
   },
   {
      "TextID": "STR_LL_INSTR_02",
      "Value": "When you do, you'll hear a giggle, and get a Laugh Point",
      "MaxSize": 91,
      "IsDynamic": 0
   },
   {
      "TextID": "STR_LL_INSTR_03",
      "Value": "Use the garage doors to move around really fast",
      "MaxSize": 64,
      "IsDynamic": 0
   },
   {
      "TextID": "STR_LL_INSTR_04",
      "Value": "Whoever has the most Laugh Points at the end wins!",
      "MaxSize": 62,
      "IsDynamic": 0
   },
   {
      "TextID": "STR_LL_HEADER",
      "Value": "Mike and Sulley's Last Laugh",
      "MaxSize": 32,
      "IsDynamic": 0
   },
   {
      "TextID": "STR_COLLECT_MOST_LAUGHS",
      "Value": "Collect the Most Laughs",
      "MaxSize": 37,
      "IsDynamic": 0
   },
   {
      "TextID": "STR_LL_RESULTS_01",
      "Value": "Great job collecting all those laughs!",
      "MaxSize": 51,
      "IsDynamic": 0
   },
   {
      "TextID": "STR_LL_RESULTS_02",
      "Value": "",
      "MaxSize": 0,
      "IsDynamic": 0
   },
   {
      "TextID": "STR_LL_INSTR_01A",
      "Value": "Use the map to find laugh canisters",
      "MaxSize": 52,
      "IsDynamic": 0
   },
   {
      "TextID": "STR_LL_INSTR_02A",
      "Value": "Each canister is worth one point",
      "MaxSize": 36,
      "IsDynamic": 0
   },
   {
      "TextID": "STR_LL_INSTR_03A",
      "Value": "Use the garage doors to move around really fast",
      "MaxSize": 64,
      "IsDynamic": 0
   },
   {
      "TextID": "STR_LL_INSTR_04A",
      "Value": "Whoever has the most Laugh Points at the end wins!",
      "MaxSize": 62,
      "IsDynamic": 0
   },
   {
      "TextID": "STR_LL_INSTR_SYMBOLS",
      "Value": "Map Symbols:",
      "MaxSize": 19,
      "IsDynamic": 0
   },
   {
      "TextID": "STR_LL_INSTR_CANISTER",
      "Value": "Laugh Canister",
      "MaxSize": 21,
      "IsDynamic": 0
   },
   {
      "TextID": "STR_LL_INSTR_DOOR",
      "Value": "Garage Door",
      "MaxSize": 17,
      "IsDynamic": 0
   }
]