[
   {
      "TextID": "STR_LOG_BEAT_GAME",
      "Value": "You beat the entire game!  Congratulations!",
      "MaxSize": 59,
      "IsDynamic": 0
   },
   {
      "TextID": "STR_LOG_ONE_RACE_LEFT",
      "Value": "Only one Relay left!  Finsh the Mater-National at the new Headquaters.",
      "MaxSize": 108,
      "IsDynamic": 0
   },
   {
      "TextID": "STR_LOG_SR_FINAL",
      "Value": "Head to McQueen's new headquarters for the final stadium race.",
      "MaxSize": 88,
      "IsDynamic": 0
   },
   {
      "TextID": "STR_LOG_NEXT_TF_RACE",
      "Value": "Head north from the Wheel Well, and follow the bend west to the next race.",
      "MaxSize": 103,
      "IsDynamic": 0
   },
   {
      "TextID": "STR_HEAD_TO_RUSTBUCKET",
      "Value": "Head on out to Rustbucket Stadium to finish up the race series there.",
      "MaxSize": 80,
      "IsDynamic": 0
   },
   {
      "TextID": "STR_LOG_RB_FINAL",
      "Value": "See if you can win the final of the Rustbucket Race Series.",
      "MaxSize": 71,
      "IsDynamic": 0
   },
   {
      "TextID": "STR_LOG_TWO_RB",
      "Value": "You have two more Rustbucket Races to go.",
      "MaxSize": 62,
      "IsDynamic": 0
   },
   {
      "TextID": "STR_LOG_FOUR_RB",
      "Value": "Keep racing at Rustbucket Stadium.  There's a series of four races!",
      "MaxSize": 103,
      "IsDynamic": 0
   },
   {
      "TextID": "STR_LOG_NEXT_TF_RACE2",
      "Value": "Head north from the Wheel Well, and follow the bend west to the next race.",
      "MaxSize": 103,
      "IsDynamic": 0
   },
   {
      "TextID": "STR_LOG_FIRST_TF_RACE",
      "Value": "Look for a race just down the road from the old Wheel Well Motel.",
      "MaxSize": 72,
      "IsDynamic": 0
   },
   {
      "TextID": "STR_LOG_OTTO_RELAY",
      "Value": "Look for a relay race, along the road leading south and west from the Wheel Well.",
      "MaxSize": 100,
      "IsDynamic": 0
   },
   {
      "TextID": "STR_LOG_OTTO_RELAY2",
      "Value": "Look for a relay race, along the road leading south and west from the Wheel Well.",
      "MaxSize": 100,
      "IsDynamic": 0
   },
   {
      "TextID": "STR_LOG_NEXT_RELAY",
      "Value": "Go south of the Wheel Well then head west for the next race.  You can\u2019t miss it!",
      "MaxSize": 110,
      "IsDynamic": 0
   },
   {
      "TextID": "STR_LOG_EXPLORE_TF",
      "Value": "You can now explore Tailfin Pass!  Head northwest out of Radiator Springs.",
      "MaxSize": 95,
      "IsDynamic": 0
   },
   {
      "TextID": "STR_LOG_NEXT_SR",
      "Value": "Head over to McQueen's headquarters for the next stadium race.",
      "MaxSize": 90,
      "IsDynamic": 0
   },
   {
      "TextID": "STR_LOG_MORE_IN_OV",
      "Value": "Explore west of Rustbucket Stadium for more racing.",
      "MaxSize": 82,
      "IsDynamic": 0
   },
   {
      "TextID": "STR_LOG_SVEN_RELAY",
      "Value": "Look for a gas station in Ornament Valley.  A Relay Race starts there.",
      "MaxSize": 91,
      "IsDynamic": 0
   },
   {
      "TextID": "STR_LOG_SVEN_RELAY2",
      "Value": "Look for a gas station in Ornament Valley.  A Relay Race starts there.",
      "MaxSize": 91,
      "IsDynamic": 0
   },
   {
      "TextID": "STR_LOG_ANOTHER_OV",
      "Value": "Look for another Ornament Valley race.",
      "MaxSize": 59,
      "IsDynamic": 0
   },
   {
      "TextID": "STR_LOG_OV_UNLOCKED",
      "Value": "You can now explore Ornament Valley!  Head east out of Radiator Springs.",
      "MaxSize": 80,
      "IsDynamic": 0
   },
   {
      "TextID": "STR_LOG_FIRST_OV_HUB_RACE",
      "Value": "Head east through Ornament Valley.  There's a race down by the airport.",
      "MaxSize": 89,
      "IsDynamic": 0
   },
   {
      "TextID": "STR_LOG_RB_EVENTS",
      "Value": "Drive on out to the old Rustbucket Stadium.  Lots of events are there.",
      "MaxSize": 90,
      "IsDynamic": 0
   },
   {
      "TextID": "STR_LOG_FIRST_SR",
      "Value": "Go to where Lightning's new headquarters is being built, not far from the drive in.",
      "MaxSize": 87,
      "IsDynamic": 0
   },
   {
      "TextID": "STR_LOG_RACE_NEAR_MATERS",
      "Value": "Head due north from the Courthouse.  Another race is ready to run there.",
      "MaxSize": 82,
      "IsDynamic": 0
   },
   {
      "TextID": "STR_LOG_LUIGI_RELAY",
      "Value": "Head south of Luigi's tire shop.  He is excited about a new style of racing, a Relay.",
      "MaxSize": 98,
      "IsDynamic": 0
   },
   {
      "TextID": "STR_LOG_LUIGI_RELAY2",
      "Value": "Head south of Luigi's tire shop.  He is excited about a new style of racing, a Relay.",
      "MaxSize": 98,
      "IsDynamic": 0
   },
   {
      "TextID": "STR_LOG_SEE_FLO",
      "Value": "Find Flo's V8 Diner.  A race is starting there.",
      "MaxSize": 67,
      "IsDynamic": 0
   },
   {
      "TextID": "STR_LOG_EXPLORE_MAIN",
      "Value": "There's some racing to be done in this town.  Just explore Main Street.",
      "MaxSize": 78,
      "IsDynamic": 0
   },
   {
      "TextID": "STR_LOG_EARN_GHOST_SLOW",
      "Value": "To earn the Ghost Light, you have to beat all the Ghosting Mater levels as slowly as you can.",
      "MaxSize": 126,
      "IsDynamic": 0
   },
   {
      "TextID": "STR_LOG_EARN_GHOST_FAST",
      "Value": "To earn the Ghost Light, you have to beat all Ghosting Mater levels faster than fast.",
      "MaxSize": 127,
      "IsDynamic": 0
   },
   {
      "TextID": "STR_LOG_EARN_GHOST_ONE_FAST",
      "Value": "Get that superfast time on the last Ghosting Mater level to win the Ghost Light.",
      "MaxSize": 112,
      "IsDynamic": 0
   },
   {
      "TextID": "STR_LOG_EARN_GHOST_ONE_SLOW",
      "Value": "Beat the last Ghosting Mater level very slowly to get the Ghost Light!",
      "MaxSize": 104,
      "IsDynamic": 0
   },
   {
      "TextID": "STR_LOG_EARN_GHOST_FAST_SLOW",
      "Value": "Just the superfast and superslow times left on the last Ghosting Mater level.",
      "MaxSize": 106,
      "IsDynamic": 0
   },
   {
      "TextID": "STR_LOG_BEAT_WP_FINAL",
      "Value": "Beat the Monster Waypoint Race final in Tailfin Pass to win the James P. Sullivan Cup!",
      "MaxSize": 121,
      "IsDynamic": 0
   },
   {
      "TextID": "STR_LOG_ONE_FFF_LEVEL",
      "Value": "Only one more Fuel Frenzy level to beat for the Golden Gas Can!",
      "MaxSize": 100,
      "IsDynamic": 0
   },
   {
      "TextID": "STR_LOG_UNLOCK_FFF_TF",
      "Value": "Finish off the Tailfin Pass races to unlock the last Fuel Frenzy level.",
      "MaxSize": 100,
      "IsDynamic": 0
   },
   {
      "TextID": "STR_LOG_ONE_TT_LEVEL",
      "Value": "Only one more Tractor Tipping level to beat to get the Frank Slash sticker!",
      "MaxSize": 87,
      "IsDynamic": 0
   },
   {
      "TextID": "STR_LOG_ONE_RRR_LEVEL",
      "Value": "Only one more Rumble with Ramone to earn High Draulics!",
      "MaxSize": 75,
      "IsDynamic": 0
   },
   {
      "TextID": "STR_LOG_FINISH_SCAV",
      "Value": "Head over to Mater's for a second Scavenger Hunt.",
      "MaxSize": 63,
      "IsDynamic": 0
   },
   {
      "TextID": "STR_LOG_SEE_SHERIFF",
      "Value": "Speak with Sheriff over at the Court House in Radiator Springs.",
      "MaxSize": 67,
      "IsDynamic": 0
   },
   {
      "TextID": "STR_LOG_MORE_OV_RACES",
      "Value": "You have some more Ornament Valley races to run.",
      "MaxSize": 61,
      "IsDynamic": 0
   },
   {
      "TextID": "STR_LOG_SEE_SHERIFF2",
      "Value": "Speak with Sheriff over at the Court House in Radiator Springs.",
      "MaxSize": 67,
      "IsDynamic": 0
   },
   {
      "TextID": "STR_LOG_FIRST_THREE_TT",
      "Value": "Finish the first three levels of Tractor Tipping.",
      "MaxSize": 59,
      "IsDynamic": 0
   },
   {
      "TextID": "STR_LOG_TURN_IN_SH1",
      "Value": "Find all three parts to make Monster McQueen and return them to Luigi",
      "MaxSize": 86,
      "IsDynamic": 0
   },
   {
      "TextID": "STR_LOG_START_SCAVHUNT",
      "Value": "Go see Luigi at his shop.  He has some parts he wants you to find.",
      "MaxSize": 86,
      "IsDynamic": 0
   },
   {
      "TextID": "STR_LOG_HELP_LUIGI",
      "Value": "Luigi is looking for some help in scavenging up some parts around town.",
      "MaxSize": 87,
      "IsDynamic": 0
   },
   {
      "TextID": "STR_LOG_FIRST_SR2",
      "Value": "Head over to Lightning's racing headquarters.",
      "MaxSize": 58,
      "IsDynamic": 0
   },
   {
      "TextID": "STR_LOG_MORE_RS_RACING",
      "Value": "You've got some more racing to do around Radiator Springs.",
      "MaxSize": 62,
      "IsDynamic": 0
   },
   {
      "TextID": "STR_LOG_OINE_MORE_RRR",
      "Value": "Only one more Ramone's Rhythmic Rumble level to beat.",
      "MaxSize": 66,
      "IsDynamic": 0
   },
   {
      "TextID": "STR_LOG_TWO_MORE_RRR",
      "Value": "Just a couple more Ramone's Rhythmic Rumble levels to go.",
      "MaxSize": 75,
      "IsDynamic": 0
   },
   {
      "TextID": "STR_LOG_START_RRR",
      "Value": "Talk with Ramone about doing some Rhythmic Rumbling.",
      "MaxSize": 52,
      "IsDynamic": 0
   },
   {
      "TextID": "STR_LOG_START_RRR2",
      "Value": "Go see Ramone.  He's got something he wants you to hear.",
      "MaxSize": 60,
      "IsDynamic": 0
   },
   {
      "TextID": "STR_LOG_ONE_MORE_GM",
      "Value": "Only one more Ghosting Mater level to beat.",
      "MaxSize": 58,
      "IsDynamic": 0
   },
   {
      "TextID": "STR_LOG_TWO_MORE_GM",
      "Value": "Just a couple more Ghosting Mater levels to go.",
      "MaxSize": 66,
      "IsDynamic": 0
   },
   {
      "TextID": "STR_LOG_BEAT_ALL_GM",
      "Value": "To earn the Ghost Light, you have to beat all seven Ghosting Mater levels.",
      "MaxSize": 97,
      "IsDynamic": 0
   },
   {
      "TextID": "STR_LOG_BEAT_LAST_GM",
      "Value": "Just one more Ghosting Mater level to go to earn the sticker!",
      "MaxSize": 75,
      "IsDynamic": 0
   },
   {
      "TextID": "STR_LOG_START_GM",
      "Value": "See Sheriff at the Courhouse.  He wants you to teach Mater another few lessons.",
      "MaxSize": 99,
      "IsDynamic": 0
   },
   {
      "TextID": "STR_LOG_START_GM2",
      "Value": "Go see Sheriff down by the statue of Stanley at the Courthouse.",
      "MaxSize": 78,
      "IsDynamic": 0
   },
   {
      "TextID": "STR_LOG_ONE_MORE_TT",
      "Value": "Only one more Tractor Tipping level to beat.",
      "MaxSize": 54,
      "IsDynamic": 0
   },
   {
      "TextID": "STR_LOG_TWO_MORE_TT",
      "Value": "Just a couple more Tractor Tipping levels to go.",
      "MaxSize": 67,
      "IsDynamic": 0
   },
   {
      "TextID": "STR_LOG_MATER_MORE_TT",
      "Value": "Go see Mater.  He wants to tip some more tractors.",
      "MaxSize": 70,
      "IsDynamic": 0
   },
   {
      "TextID": "STR_LOG_SEE_MATER",
      "Value": "Mater's got some fun and games for you.",
      "MaxSize": 46,
      "IsDynamic": 0
   },
   {
      "TextID": "STR_LOG_ONE_MORE_FFF",
      "Value": "Only one more Fillmore's Fuel Frenzy level to beat.",
      "MaxSize": 69,
      "IsDynamic": 0
   },
   {
      "TextID": "STR_LOG_ONE_MORE_TF",
      "Value": "Only one more Tailfin Pass race to win!",
      "MaxSize": 56,
      "IsDynamic": 0
   },
   {
      "TextID": "STR_LOG_TWO_MORE_FFF",
      "Value": "Just a couple more Fillmore's Fuel Frenzy levels to go.",
      "MaxSize": 86,
      "IsDynamic": 0
   },
   {
      "TextID": "STR_LOG_TWO_MORE_TF",
      "Value": "Only a couple more Tailfin Pass races to win!",
      "MaxSize": 64,
      "IsDynamic": 0
   },
   {
      "TextID": "STR_LOG_LAST_THREE_FFF",
      "Value": "Look for the last three Fuel Frenzies in Tailfin Pass!",
      "MaxSize": 85,
      "IsDynamic": 0
   },
   {
      "TextID": "STR_LOG_HOT_RODS",
      "Value": "Look for hot rods in Tailfin Pass to race against.",
      "MaxSize": 64,
      "IsDynamic": 0
   },
   {
      "TextID": "STR_LOG_TWO_MORE_FFF_OV",
      "Value": "A couple more Fillmore's Fuel Frenzy levels to go in Ornament Valley.",
      "MaxSize": 105,
      "IsDynamic": 0
   },
   {
      "TextID": "STR_LOG_TWO_MORE_OV",
      "Value": "Look for a couple more Ornament Valley races to win!",
      "MaxSize": 62,
      "IsDynamic": 0
   },
   {
      "TextID": "STR_LOG_MORE_FFF_AND_OV",
      "Value": "Look for more races and Fillmore's Fuel Frenzy levels in Ornament Valley.",
      "MaxSize": 108,
      "IsDynamic": 0
   },
   {
      "TextID": "STR_LOG_SEE_FILLMORE",
      "Value": "Head to Fillmore's place to see about testing out some more of his new fuel.",
      "MaxSize": 76,
      "IsDynamic": 0
   },
   {
      "TextID": "STR_LOG_MORE_RS3",
      "Value": "There is more racing lined up for you in Radiator Springs.",
      "MaxSize": 58,
      "IsDynamic": 0
   },
   {
      "TextID": "STR_LOG_SEE_FILLMORE2",
      "Value": "Go see Fillmore, down the street from Lightning's new Racing Headquarters.",
      "MaxSize": 74,
      "IsDynamic": 0
   },
   {
      "TextID": "STR_LOG_ONE_MORE_RNC",
      "Value": "Only one more Race 'n' Chase level to beat.",
      "MaxSize": 51,
      "IsDynamic": 0
   },
   {
      "TextID": "STR_LOG_ONE_MORE_TF2",
      "Value": "Only one more Tailfin Pass race to win!",
      "MaxSize": 56,
      "IsDynamic": 0
   },
   {
      "TextID": "STR_LOG_TWO_MORE_RNC",
      "Value": "You have just a couple more Race 'n' Chase levels to beat.",
      "MaxSize": 66,
      "IsDynamic": 0
   },
   {
      "TextID": "STR_LOG_TWO_MORE_TF2",
      "Value": "Only a couple more Tailfin Pass races to win!",
      "MaxSize": 64,
      "IsDynamic": 0
   },
   {
      "TextID": "STR_LOG_LAST_THREE_RNC",
      "Value": "There are three more Race \u2018n' Chase levels up in Tailfin Pass",
      "MaxSize": 62,
      "IsDynamic": 0
   },
   {
      "TextID": "STR_LOG_HOT_RODS2",
      "Value": "Look around Tailfin Pass.  Some hot rods are spoiling for a race.",
      "MaxSize": 90,
      "IsDynamic": 0
   },
   {
      "TextID": "STR_LOG_TWO_MORE_RNC_OV",
      "Value": "A couple more Race 'n' Chase levels to go in Ornament Valley.",
      "MaxSize": 83,
      "IsDynamic": 0
   },
   {
      "TextID": "STR_LOG_TWO_MORE_OV2",
      "Value": "Look for a couple more Ornament Valley races to win!",
      "MaxSize": 63,
      "IsDynamic": 0
   },
   {
      "TextID": "STR_LOG_MORE_RNC_OV",
      "Value": "Look for more races and Race 'n' Chase levels in Ornament Valley.",
      "MaxSize": 107,
      "IsDynamic": 0
   },
   {
      "TextID": "STR_LOG_SEE_SHERIFF_RNC",
      "Value": "Talk to Sheriff at the Courthouse about some more Racing 'n' Chasing.",
      "MaxSize": 81,
      "IsDynamic": 0
   },
   {
      "TextID": "STR_LOG_MORE_RS2",
      "Value": "There is more racing lined up for you in Radiator Springs.",
      "MaxSize": 58,
      "IsDynamic": 0
   },
   {
      "TextID": "STR_LOG_SEE_SHERIFF3",
      "Value": "Go see Sheriff at the Courthouse, near the statue of Stanley.",
      "MaxSize": 78,
      "IsDynamic": 0
   },
   {
      "TextID": "STR_LOG_ONE_MORE_LL",
      "Value": "Only one more Last Laugh level to beat.",
      "MaxSize": 60,
      "IsDynamic": 0
   },
   {
      "TextID": "STR_LOG_MORE_LL",
      "Value": "Just a couple more Last Laugh levels to go.",
      "MaxSize": 70,
      "IsDynamic": 0
   },
   {
      "TextID": "STR_LOG_SEE_SULLY",
      "Value": "There are more Last Laugh levels in Radiator Spring, Ornament Valley, and Tailfin Pass",
      "MaxSize": 99,
      "IsDynamic": 0
   },
   {
      "TextID": "STR_LOG_START_LL",
      "Value": "Head to the northwest of Ornament Valley.  Mike and Sulley are chasing laughs there.",
      "MaxSize": 94,
      "IsDynamic": 0
   }
]