[
   {
      "TextID": "STR_RAC_HEADER",
      "Value": "RACE 'N' CHASE",
      "MaxSize": 19,
      "IsDynamic": 0
   },
   {
      "TextID": "STR_RAC_INFO1",
      "Value": "Try to tag your opponent!",
      "MaxSize": 37,
      "IsDynamic": 0
   },
   {
      "TextID": "STR_RAC_INFO2",
      "Value": "If you get tagged, chase and tag your opponent before they reach their goal!",
      "MaxSize": 100,
      "IsDynamic": 0
   },
   {
      "TextID": "STR_RAC_INFO3",
      "Value": "Reach your goal first to win!",
      "MaxSize": 62,
      "IsDynamic": 0
   },
   {
      "TextID": "STR_RAC_AWARD_LABEL",
      "Value": "REACH YOUR GOAL FIRST:",
      "MaxSize": 40,
      "IsDynamic": 0
   },
   {
      "TextID": "STR_RAC_RESULTS",
      "Value": "NICE RACING! GREAT CHASING!",
      "MaxSize": 42,
      "IsDynamic": 0
   },
   {
      "TextID": "STR_RAC_SELECT_01",
      "Value": "There are nine Race \u2018n' Chase levels in all",
      "MaxSize": 49,
      "IsDynamic": 0
   },
   {
      "TextID": "STR_RAC_SELECT_02",
      "Value": "There are more Race \u2018n' Chase levels in Ornament Valley and Tailfin Pass.",
      "MaxSize": 94,
      "IsDynamic": 0
   },
   {
      "TextID": "STR_RAC_SELECT_03",
      "Value": "There are more Race \u2018n' Chase levels in Tailfin Pass.",
      "MaxSize": 70,
      "IsDynamic": 0
   },
   {
      "TextID": "STR_RAC_SELECT_04",
      "Value": "Only three more Race \u2018n' Chase levels left to beat!",
      "MaxSize": 68,
      "IsDynamic": 0
   },
   {
      "TextID": "STR_RAC_SELECT_05",
      "Value": "Only two more Race \u2018n' Chase levels left to beat!",
      "MaxSize": 68,
      "IsDynamic": 0
   },
   {
      "TextID": "STR_RAC_SELECT_06",
      "Value": "Only one more Race \u2018n' Chase level left to beat!",
      "MaxSize": 64,
      "IsDynamic": 0
   },
   {
      "TextID": "STR_RAC_OVERLAY_01",
      "Value": "You are chasing, your opponent is racing!",
      "MaxSize": 57,
      "IsDynamic": 0
   },
   {
      "TextID": "STR_RAC_OVERLAY_02",
      "Value": "Use your car to tag your opponent",
      "MaxSize": 53,
      "IsDynamic": 0
   },
   {
      "TextID": "STR_RAC_OVERLAY_03",
      "Value": "Nice tag!",
      "MaxSize": 15,
      "IsDynamic": 0
   },
   {
      "TextID": "STR_RAC_OVERLAY_04",
      "Value": "Now follow the arrow to your goal!",
      "MaxSize": 58,
      "IsDynamic": 0
   },
   {
      "TextID": "STR_RAC_OVERLAY_05",
      "Value": "You got tagged!",
      "MaxSize": 24,
      "IsDynamic": 0
   },
   {
      "TextID": "STR_RAC_OVERLAY_06",
      "Value": "Now you have to chase again!",
      "MaxSize": 65,
      "IsDynamic": 0
   }
]