[
   {
      "TextID": "STR_RRR_HEADER",
      "Value": "RAMONE'S RHYTHMIC RUMBLE",
      "MaxSize": 28,
      "IsDynamic": 0
   },
   {
      "TextID": "STR_RRR_INSTRUCTIONS1",
      "Value": "Press the buttons in time with the music",
      "MaxSize": 49,
      "IsDynamic": 0
   },
   {
      "TextID": "STR_RRR_INSTRUCTIONS1A",
      "Value": "Press the displayed command prompts in time with the music",
      "MaxSize": 58,
      "IsDynamic": 0
   },
   {
      "TextID": "STR_RRR_INSTRUCTIONS2",
      "Value": "The more you get in a row, the more your character dances",
      "MaxSize": 97,
      "IsDynamic": 0
   },
   {
      "TextID": "STR_RRR_INSTRUCTIONS3",
      "Value": "Time your presses perfectly for special bonuses!",
      "MaxSize": 71,
      "IsDynamic": 0
   },
   {
      "TextID": "STR_RRR_INSTRUCTIONS_EASY_1",
      "Value": "Press the buttons when the notes line up with them",
      "MaxSize": 63,
      "IsDynamic": 0
   },
   {
      "TextID": "STR_RRR_INSTRUCTIONS_EASY_3",
      "Value": "Time your presses perfectly with the music for a higher score!",
      "MaxSize": 77,
      "IsDynamic": 0
   },
   {
      "TextID": "STR_COMPLETE_THE_SONG",
      "Value": "COMPLETE THE SONG:",
      "MaxSize": 32,
      "IsDynamic": 0
   },
   {
      "TextID": "STR_YOU_GOT_RYTHEM",
      "Value": "You've got rhythm - just like Ramone!",
      "MaxSize": 49,
      "IsDynamic": 0
   },
   {
      "TextID": "STR_YOU_HAVE_NO_RYTHEM",
      "Value": "You're not quite in time with the music.",
      "MaxSize": 50,
      "IsDynamic": 0
   },
   {
      "TextID": "STR_YOU_WON_MSG",
      "Value": "YOU WON!",
      "MaxSize": 17,
      "IsDynamic": 0
   },
   {
      "TextID": "STR_OVERLAY_FAIL_1",
      "Value": "Sorry",
      "MaxSize": 9,
      "IsDynamic": 0
   },
   {
      "TextID": "STR_OVERLAY_FAIL_2",
      "Value": "Your timing was too far out of rhythm with the music.",
      "MaxSize": 60,
      "IsDynamic": 0
   },
   {
      "TextID": "STR_REWARD_01",
      "Value": "You didn't finish the song",
      "MaxSize": 57,
      "IsDynamic": 0
   },
   {
      "TextID": "STR_REWARD_02",
      "Value": "You had too many misses",
      "MaxSize": 31,
      "IsDynamic": 0
   },
   {
      "TextID": "STR_REWARD_03",
      "Value": "Your rhythm was perfect!",
      "MaxSize": 32,
      "IsDynamic": 0
   },
   {
      "TextID": "STR_REWARD_04",
      "Value": "You unlocked a new paintjob for Ramone!",
      "MaxSize": 56,
      "IsDynamic": 0
   },
   {
      "TextID": "STR_TIE_MSG",
      "Value": "IT'S A TIE!",
      "MaxSize": 20,
      "IsDynamic": 0
   },
   {
      "TextID": "STR_RAM_WON",
      "Value": "RAMONE WINS!",
      "MaxSize": 22,
      "IsDynamic": 0
   },
   {
      "TextID": "STR_FLO_WON",
      "Value": "FLO WINS!",
      "MaxSize": 20,
      "IsDynamic": 0
   },
   {
      "TextID": "STR_DYN_LEVELS_REMAINING",
      "Value": "XXXXXXXX",
      "MaxSize": 8,
      "IsDynamic": 1,
      "IsAppendedTo": [
         23
      ]
   },
   {
      "TextID": "STR_RRR_SELECT_01",
      "Value": "Beat all seven Rhythmic Rumble levels to earn a sticker!",
      "MaxSize": 73,
      "IsDynamic": 0
   },
   {
      "TextID": "STR_RRR_SELECT_02",
      "Value": "Congratulations!  You have beaten all the Rhythmic Rumble levels!",
      "MaxSize": 70,
      "IsDynamic": 0
   },
   {
      "TextID": "STR_RRR_SELECT_03",
      "Value": "XXXXXXXXXXXXXXXXXXXXXXXXXXXXXXXXXXXXXXXXXXXXXXXXXXXXXXXXXXXX",
      "MaxSize": 77,
      "IsDynamic": 0,
      "Appends": [
         20
      ],
      "AtPositions": [
         0
      ],
      "CopiedToEnd": " more Rhythmic Rumble levels to go to earn a sticker"
   },
   {
      "TextID": "STR_RRR_SELECT_04",
      "Value": "Beat one more level to win High Draulics!",
      "MaxSize": 69,
      "IsDynamic": 0
   },
   {
      "TextID": "STR_RRR_PROGRESS_01",
      "Value": "Win the High Draulics sticker after beating level seven!",
      "MaxSize": 75,
      "IsDynamic": 0
   }
]