[
   {
      "TextID": "STR_RB_REACH_FINAL",
      "Value": "Qualify in the first three Rustbucket Races to reach the final",
      "MaxSize": 83,
      "IsDynamic": 0
   },
   {
      "TextID": "STR_RB_WIN_FOR_RUST_BUST",
      "Value": "Win the Rustbucket final to get the Rust Bust!",
      "MaxSize": 69,
      "IsDynamic": 0
   },
   {
      "TextID": "STR_RB_ALREADY_WON",
      "Value": "You have already won the Rustbucket Series.",
      "MaxSize": 56,
      "IsDynamic": 0
   },
   {
      "TextID": "STR_RB_QUALIFY_FOR_SECOND_RACE",
      "Value": "Finish first, second, or third to qualify for the second Rustbucket race",
      "MaxSize": 108,
      "IsDynamic": 0
   },
   {
      "TextID": "STR_RB_QUALIFY_FOR_THIRD_RACE",
      "Value": "Finish first, second, or third to qualify for the third Rustbucket race",
      "MaxSize": 108,
      "IsDynamic": 0
   },
   {
      "TextID": "STR_RB_WIN_THE_FINAL",
      "Value": "Win the Rustbucket Final to get the Rust Bust!",
      "MaxSize": 69,
      "IsDynamic": 0
   }
]