[
   {
      "TextID": "STR_SR_UNLOCK_OV",
      "Value": "You have to place in this race to unlock Ornament Valley",
      "MaxSize": 82,
      "IsDynamic": 0
   },
   {
      "TextID": "STR_SR_UNLOCK_TF",
      "Value": "Place in this race to unlock Tailfin Pass",
      "MaxSize": 66,
      "IsDynamic": 0
   },
   {
      "TextID": "STR_SR_UNLOCK_RELAY_FINALE",
      "Value": "Win this head-to-head race to unlock the Relay Race finale",
      "MaxSize": 84,
      "IsDynamic": 0
   },
   {
      "TextID": "STR_SR_ONE_LAST_RACE",
      "Value": "One last race to win!",
      "MaxSize": 43,
      "IsDynamic": 0
   },
   {
      "TextID": "STR_SR_WIN_UNLOCK_OV",
      "Value": "Place to unlock Ornament Valley and gain more boost!",
      "MaxSize": 104,
      "IsDynamic": 0
   },
   {
      "TextID": "STR_SR_WIN_UNLOCK_TF",
      "Value": "Place to unlock Tailfin Pass and gain more boost!",
      "MaxSize": 106,
      "IsDynamic": 0
   },
   {
      "TextID": "STR_SR_WIN_UNLOCK_FINAL",
      "Value": "Win to unlock the final relay race",
      "MaxSize": 70,
      "IsDynamic": 0
   },
   {
      "TextID": "STR_SR_LAST_RACE",
      "Value": "This is the last race of the Mater-national",
      "MaxSize": 76,
      "IsDynamic": 0
   },
   {
      "TextID": "STR_SR_COMPLETED_RS",
      "Value": "You have completed the races in Radiator Springs",
      "MaxSize": 54,
      "IsDynamic": 0
   },
   {
      "TextID": "STR_SR_COMPLETED_OV",
      "Value": "You have completed the races in Ornament Valley",
      "MaxSize": 53,
      "IsDynamic": 0
   },
   {
      "TextID": "STR_SR_COMPLETED_TF",
      "Value": "You have completed the races in Tailfin Pass",
      "MaxSize": 52,
      "IsDynamic": 0
   },
   {
      "TextID": "STR_SR_BOOST_COMPLETED_RS",
      "Value": "You earned another canister of boost and completed the races in Radiator Springs",
      "MaxSize": 103,
      "IsDynamic": 0
   },
   {
      "TextID": "STR_SR_BOOST_COMPLETED_OV",
      "Value": "You earned another canister of boost and completed the races in Ornament Valley",
      "MaxSize": 102,
      "IsDynamic": 0
   },
   {
      "TextID": "STR_SR_BOOST_COMPLETED_TF",
      "Value": "You earned another canister of boost and completed the races in Tailfin Pass",
      "MaxSize": 101,
      "IsDynamic": 0
   }
]