[
   {
      "TextID": "STR_TIME_TIME_TRIAL",
      "Value": "TIME TRIAL",
      "MaxSize": 19,
      "IsDynamic": 0
   },
   {
      "TextID": "STR_TIME_AGAINST_YOUR_BEST",
      "Value": "Race against your best",
      "MaxSize": 35,
      "IsDynamic": 0
   },
   {
      "TextID": "STR_TIME_LAP",
      "Value": "lap time of",
      "MaxSize": 26,
      "IsDynamic": 0
   },
   {
      "TextID": "STR_TIME_AGAINST_ALL_TIME",
      "Value": "Race against the all-time",
      "MaxSize": 33,
      "IsDynamic": 0
   },
   {
      "TextID": "STR_TIME_BEST_LAP",
      "Value": "best lap of",
      "MaxSize": 27,
      "IsDynamic": 0
   },
   {
      "TextID": "STR_TIME_YOUR_BEST_LAP",
      "Value": "YOUR BEST LAP",
      "MaxSize": 26,
      "IsDynamic": 0
   },
   {
      "TextID": "STR_TIME_ALL_TIME_BEST_LAP",
      "Value": "ALL-TIME BEST LAP",
      "MaxSize": 39,
      "IsDynamic": 0
   },
   {
      "TextID": "STR_TIME_ALL_TIME_BEST",
      "Value": "ALL-TIME BEST",
      "MaxSize": 20,
      "IsDynamic": 0
   },
   {
      "TextID": "STR_TIME_LAST_LAP_TIME",
      "Value": "LAST LAP TIME",
      "MaxSize": 24,
      "IsDynamic": 0
   },
   {
      "TextID": "STR_TIME_INSTR_ALL_TIME_1",
      "Value": "Race against the all-time best lap",
      "MaxSize": 59,
      "IsDynamic": 0
   },
   {
      "TextID": "STR_TIME_INSTR_ALL_TIME_2",
      "Value": "Win to have your lap be the all-time best!",
      "MaxSize": 80,
      "IsDynamic": 0
   },
   {
      "TextID": "STR_TIME_INSTR_YOUR_BEST_1",
      "Value": "This is a head-to-head race, you against yourself",
      "MaxSize": 56,
      "IsDynamic": 0
   },
   {
      "TextID": "STR_TIME_INSTR_YOUR_BEST_2",
      "Value": "Race one lap, alone on the track",
      "MaxSize": 41,
      "IsDynamic": 0
   },
   {
      "TextID": "STR_TIME_INSTR_YOUR_BEST_3",
      "Value": "All laps after that are against your own best lap",
      "MaxSize": 75,
      "IsDynamic": 0
   },
   {
      "TextID": "STR_TIME_INSTR_YOUR_BEST_4",
      "Value": "Perfect your race strategy on every course!",
      "MaxSize": 60,
      "IsDynamic": 0
   },
   {
      "TextID": "STR_TIME_YOU_JUST_BEAT",
      "Value": "You just beat the all-time best lap!",
      "MaxSize": 63,
      "IsDynamic": 0
   },
   {
      "TextID": "STR_TIME_YOU_OWN_BEST",
      "Value": "Now YOU own the All-time Best lap!",
      "MaxSize": 67,
      "IsDynamic": 0
   }
]