[
   {
      "TextID": "STR_NEW_CANCEL",
      "Value": "CANCEL",
      "MaxSize": 9,
      "IsDynamic": 0
   },
   {
      "TextID": "STR_NEW_CONTINUE",
      "Value": "CONTINUE",
      "MaxSize": 10,
      "IsDynamic": 0
   },
   {
      "TextID": "STR_NEW_CONTROLLER_NUMBER",
      "Value": "XXXXXX",
      "MaxSize": 6,
      "IsDynamic": 1
   },
   {
      "TextID": "STR_NEW_CONTROLLER_UNPLUGGED",
      "Value": "Please reconnect the controller and choose RETRY to confirm.",
      "MaxSize": 86,
      "IsDynamic": 0
   },
   {
      "TextID": "STR_NEW_UNLOCKED_CONTROLLER_UNPLUGGED",
      "Value": "Please reconnect the controller and choose RETRY to confirm.",
      "MaxSize": 109,
      "IsDynamic": 0
   },
   {
      "TextID": "STR_NEW_GAME_TITLE",
      "Value": "XXXXXXXXXXXXXXXXXXXXXXXXXXXXXXXXXXXXXXXX",
      "MaxSize": 40,
      "IsDynamic": 1
   },
   {
      "TextID": "STR_NEW_MORE_SPACE",
      "Value": "XXXXXXXXXXXXXXXXXXXX",
      "MaxSize": 20,
      "IsDynamic": 1
   },
   {
      "TextID": "STR_NEW_INITIAL_GAME_SPACE",
      "Value": "XXXXXXXXXX",
      "MaxSize": 10,
      "IsDynamic": 1
   },
   {
      "TextID": "STR_NEW_NO_SPACE",
      "Value": "The current storage device does not have enough free space to save new games.  Do you want to continue without saving?",
      "MaxSize": 173,
      "IsDynamic": 0
   },
   {
      "TextID": "STR_NEW_QUIT_ACTIVITY",
      "Value": "Are you sure you would like to quit? All current game progress will be lost.",
      "MaxSize": 92,
      "IsDynamic": 0
   },
   {
      "TextID": "STR_NEW_NO",
      "Value": "NO",
      "MaxSize": 4,
      "IsDynamic": 0
   },
   {
      "TextID": "STR_NEW_OK",
      "Value": "OK",
      "MaxSize": 7,
      "IsDynamic": 0
   },
   {
      "TextID": "STR_NEW_OVERWRITE_WARNING",
      "Value": "Are you sure you would like to overwrite your save game? All previous save game progress will be overwritten.",
      "MaxSize": 126,
      "IsDynamic": 0
   },
   {
      "TextID": "STR_NEW_PORT",
      "Value": "XXXXXX",
      "MaxSize": 6,
      "IsDynamic": 1
   },
   {
      "TextID": "STR_NEW_RETRY",
      "Value": "RETRY",
      "MaxSize": 17,
      "IsDynamic": 0
   },
   {
      "TextID": "STR_NEW_SLOT",
      "Value": "XXXXXX",
      "MaxSize": 6,
      "IsDynamic": 1
   },
   {
      "TextID": "STR_NEW_TITLE_ACCESS",
      "Value": "ACCESSING",
      "MaxSize": 19,
      "IsDynamic": 0
   },
   {
      "TextID": "STR_NEW_TITLE_DISPLAY_MODE_ALERT",
      "Value": "DISPLAY MODE ALERT",
      "MaxSize": 26,
      "IsDynamic": 0
   },
   {
      "TextID": "STR_NEW_TITLE_FORMAT_CANCELED",
      "Value": "FORMAT CANCELED",
      "MaxSize": 24,
      "IsDynamic": 0
   },
   {
      "TextID": "STR_NEW_TITLE_FORMAT_FAILED",
      "Value": "FORMAT FAILED!",
      "MaxSize": 28,
      "IsDynamic": 0
   },
   {
      "TextID": "STR_NEW_TITLE_FORMAT_SUCCESSFUL",
      "Value": "FORMAT SUCCESSFUL!",
      "MaxSize": 25,
      "IsDynamic": 0
   },
   {
      "TextID": "STR_NEW_TITLE_FORMATTING",
      "Value": "FORMATTING...",
      "MaxSize": 25,
      "IsDynamic": 0
   },
   {
      "TextID": "STR_NEW_TITLE_NOT_ENOUGH_SPACE",
      "Value": "NOT ENOUGH SPACE",
      "MaxSize": 26,
      "IsDynamic": 0
   },
   {
      "TextID": "STR_NEW_TITLE_NOT_FORMATTED",
      "Value": "UNFORMATTED",
      "MaxSize": 18,
      "IsDynamic": 0
   },
   {
      "TextID": "STR_NEW_TOTAL_SPACE",
      "Value": "XXXXXXXXXXXXXXXXXXXX",
      "MaxSize": 20,
      "IsDynamic": 1
   },
   {
      "TextID": "STR_NEW_YES",
      "Value": "YES",
      "MaxSize": 3,
      "IsDynamic": 0
   },
   {
      "TextID": "STR_NEW_PRESS_START",
      "Value": "Press START button To Begin",
      "MaxSize": 39,
      "IsDynamic": 0
   },
   {
      "TextID": "STR_NEW_NOT_ENOUGH_SPACE",
      "Value": "The current storage device does not have enough free space to save new games.",
      "MaxSize": 106,
      "IsDynamic": 0
   },
   {
      "TextID": "STR_NEW_CREATE_WARNING",
      "Value": "Are you sure you wish to create a new saved game? All previous unsaved game progress will be lost.",
      "MaxSize": 129,
      "IsDynamic": 0
   },
   {
      "TextID": "STR_NEW_WARNING",
      "Value": "WARNING",
      "MaxSize": 12,
      "IsDynamic": 0
   },
   {
      "TextID": "STR_NEW_PROFILE_TITLE_CREATE",
      "Value": "CREATE SAVED GAME",
      "MaxSize": 22,
      "IsDynamic": 0
   },
   {
      "TextID": "STR_NEW_PROFILE_CREATE_SAVE",
      "Value": "Would you like to save your new game?",
      "MaxSize": 47,
      "IsDynamic": 0
   },
   {
      "TextID": "STR_NEW_PROFILE_SAVE",
      "Value": "Would you like to save your game?",
      "MaxSize": 38,
      "IsDynamic": 0
   },
   {
      "TextID": "STR_NEW_PROFILE_SAVE_SURE",
      "Value": "Are you sure you want to save this game?",
      "MaxSize": 57,
      "IsDynamic": 0
   },
   {
      "TextID": "STR_NEW_PROFILE_OVERWRITE_WARNING",
      "Value": "Are you sure you would like to overwrite your save? All previous game progress will be overwritten.",
      "MaxSize": 129,
      "IsDynamic": 0
   },
   {
      "TextID": "STR_NEW_PROFILE_SAVING",
      "Value": "Saving game data.",
      "MaxSize": 58,
      "IsDynamic": 0
   },
   {
      "TextID": "STR_NEW_PROFILE_SAVE_SUCCESS",
      "Value": "Save successful.",
      "MaxSize": 30,
      "IsDynamic": 0
   },
   {
      "TextID": "STR_NEW_PROFILE_SAVE_FAILURE",
      "Value": "Unable to save game.",
      "MaxSize": 38,
      "IsDynamic": 0
   },
   {
      "TextID": "STR_NEW_PROFILE_TITLE_SAVE",
      "Value": "SAVE GAME",
      "MaxSize": 21,
      "IsDynamic": 0
   },
   {
      "TextID": "STR_NEW_PROFILE_TITLE_SAVING_DATA",
      "Value": "SAVING GAME...",
      "MaxSize": 35,
      "IsDynamic": 0
   },
   {
      "TextID": "STR_NEW_PROFILE_TITLE_SAVE_SUCCESSFUL",
      "Value": "SAVE SUCCESSFUL!",
      "MaxSize": 30,
      "IsDynamic": 0
   },
   {
      "TextID": "STR_NEW_PROFILE_TITLE_SAVE_FAILED",
      "Value": "SAVE FAILED!",
      "MaxSize": 26,
      "IsDynamic": 0
   },
   {
      "TextID": "STR_NEW_PROFILE_LOAD",
      "Value": "Do you wish to load your saved game?",
      "MaxSize": 38,
      "IsDynamic": 0
   },
   {
      "TextID": "STR_NEW_PROFILE_LOAD_SURE",
      "Value": "Are you sure you would like to load this save? All previous unsaved game progress will be lost.",
      "MaxSize": 121,
      "IsDynamic": 0
   },
   {
      "TextID": "STR_NEW_PROFILE_LOADING",
      "Value": "Loading game data.",
      "MaxSize": 54,
      "IsDynamic": 0
   },
   {
      "TextID": "STR_NEW_PROFILE_LOAD_FAILED",
      "Value": "The save appears to be damaged and cannot be used.",
      "MaxSize": 75,
      "IsDynamic": 0
   },
   {
      "TextID": "STR_NEW_PROFILE_LOAD_CORRUPT",
      "Value": "The save appears to be damaged and cannot be used.",
      "MaxSize": 75,
      "IsDynamic": 0
   },
   {
      "TextID": "STR_NEW_PROFILE_LOAD_SUCCESS",
      "Value": "Game load successful.",
      "MaxSize": 32,
      "IsDynamic": 0
   },
   {
      "TextID": "STR_NEW_PROFILE_TITLE_LOADING_DATA",
      "Value": "LOADING GAME...",
      "MaxSize": 35,
      "IsDynamic": 0
   },
   {
      "TextID": "STR_NEW_PROFILE_TITLE_LOAD_SUCCESSFUL",
      "Value": "LOAD SUCCESSFUL!",
      "MaxSize": 26,
      "IsDynamic": 0
   },
   {
      "TextID": "STR_NEW_PROFILE_TITLE_LOAD_FAILED",
      "Value": "LOAD FAILED!",
      "MaxSize": 24,
      "IsDynamic": 0
   },
   {
      "TextID": "STR_NEW_PROFILE_TITLE_LOAD",
      "Value": "LOAD GAME ",
      "MaxSize": 18,
      "IsDynamic": 0
   },
   {
      "TextID": "STR_NEW_PROFILE_DELETE_SURE",
      "Value": "Are you sure you want to delete your saved game? All progress associated with your game will be lost.",
      "MaxSize": 118,
      "IsDynamic": 0
   },
   {
      "TextID": "STR_NEW_PROFILE_DELETING",
      "Value": "Deleting saved game.",
      "MaxSize": 55,
      "IsDynamic": 0
   },
   {
      "TextID": "STR_NEW_PROFILE_DELETE_SUCCESS",
      "Value": "Saved game deleted.",
      "MaxSize": 27,
      "IsDynamic": 0
   },
   {
      "TextID": "STR_NEW_PROFILE_DELETE_FAILURE",
      "Value": "Unable to delete saved game.",
      "MaxSize": 45,
      "IsDynamic": 0
   },
   {
      "TextID": "STR_NEW_PROFILE_TITLE_DELETING_DATA",
      "Value": "DELETING SAVE...",
      "MaxSize": 36,
      "IsDynamic": 0
   },
   {
      "TextID": "STR_NEW_PROFILE_TITLE_DELETE_SUCCESSFUL",
      "Value": "SAVE DELETE SUCCESSFUL!",
      "MaxSize": 38,
      "IsDynamic": 0
   },
   {
      "TextID": "STR_NEW_PROFILE_TITLE_DELETE_FAILED",
      "Value": "SAVE DELETE FAILED!",
      "MaxSize": 40,
      "IsDynamic": 0
   },
   {
      "TextID": "STR_NEW_PROFILE_TITLE_DELETE",
      "Value": "DELETE SAVE ",
      "MaxSize": 25,
      "IsDynamic": 0
   },
   {
      "TextID": "STR_NEW_SAVE_TITLE_NO_SPACE",
      "Value": "NOT ENOUGH FREE BLOCKS",
      "MaxSize": 36,
      "IsDynamic": 0
   },
   {
      "TextID": "STR_NEW_TITLE_QUIT",
      "Value": "QUIT ACTIVITY",
      "MaxSize": 21,
      "IsDynamic": 0
   },
   {
      "TextID": "STR_NEW_MESSAGE_QUIT",
      "Value": "Are you sure you want to quit the current activity? All current game progress will\r\nbe lost.",
      "MaxSize": 115,
      "IsDynamic": 0
   },
   {
      "TextID": "STR_NEW_TITLE_RESTART",
      "Value": "RESTART ACTIVITY",
      "MaxSize": 27,
      "IsDynamic": 0
   },
   {
      "TextID": "STR_NEW_MESSAGE_RESTART",
      "Value": "Are you sure you want to restart the current activity? All current game progress will be lost.",
      "MaxSize": 117,
      "IsDynamic": 0
   },
   {
      "TextID": "STR_NEW_TITLE_INVALID_NAME",
      "Value": "INVALID NAME",
      "MaxSize": 17,
      "IsDynamic": 0
   },
   {
      "TextID": "STR_NEW_MESSAGE_INVALID_NAME",
      "Value": "Invalid name!  A name must contain at least one character and cannot begin or end with a space.",
      "MaxSize": 125,
      "IsDynamic": 0
   },
   {
      "TextID": "STR_NEW_TITLE_CANCEL_PROFILE",
      "Value": "CANCEL SAVE",
      "MaxSize": 21,
      "IsDynamic": 0
   },
   {
      "TextID": "STR_NEW_MESSAGE_CANCEL_PROFILE",
      "Value": "Are you sure you want to cancel the creation of the new save?",
      "MaxSize": 90,
      "IsDynamic": 0
   },
   {
      "TextID": "STR_NEW_FREE_BLOCKS",
      "Value": "FREE BLOCKS",
      "MaxSize": 23,
      "IsDynamic": 0
   },
   {
      "TextID": "STR_NEW_PROFILE_INITIAL_LOAD",
      "Value": "Do you wish to load your saved game?",
      "MaxSize": 38,
      "IsDynamic": 0
   },
   {
      "TextID": "STR_NEW_ACCESSING_HARD_DRIVE",
      "Value": "Searching for saves.",
      "MaxSize": 62,
      "IsDynamic": 0
   },
   {
      "TextID": "STR_NEW_PROFILE_NOT_FOUND",
      "Value": "No Saved Games were found!",
      "MaxSize": 42,
      "IsDynamic": 0
   },
   {
      "TextID": "STR_NEW_CORRUPT_PROFILE",
      "Value": "CORRUPT",
      "MaxSize": 10,
      "IsDynamic": 0
   },
   {
      "TextID": "STR_NEW_TITLE_SWITCH_EVENT",
      "Value": "SWITCH ACTIVITY",
      "MaxSize": 19,
      "IsDynamic": 0
   },
   {
      "TextID": "STR_NEW_MESSAGE_SWITCH_EVENT",
      "Value": "Are you sure you want to switch activities?  All current game progress will be lost.",
      "MaxSize": 107,
      "IsDynamic": 0
   },
   {
      "TextID": "STR_NEW_TITLE_RESET_EVENT",
      "Value": "RESET ACTIVITY",
      "MaxSize": 26,
      "IsDynamic": 0
   },
   {
      "TextID": "STR_NEW_MESSAGE_RESET_EVENT",
      "Value": "Are you sure you want to reset the current activity? All current game progress will be lost.",
      "MaxSize": 117,
      "IsDynamic": 0
   },
   {
      "TextID": "STR_NEW_PROFILE_DAMAGED",
      "Value": "This save appears to be damaged and cannot be used.",
      "MaxSize": 65,
      "IsDynamic": 0
   },
   {
      "TextID": "STR_NEW_MESSAGE_CREATE_PROFILE_WARNING",
      "Value": "Are you sure you would like to create a new saved game? All previous unsaved progress will be lost.",
      "MaxSize": 128,
      "IsDynamic": 0
   },
   {
      "TextID": "STR_DIRTY_DISK_MESSAGE",
      "Value": "There's a problem with the disc you're using. It may be dirty or damaged. ",
      "MaxSize": 104,
      "IsDynamic": 0
   },
   {
      "TextID": "STR_NEW_CONTINUE_WITHOUT_SAVING_PROFILE",
      "Value": "Are you sure you want to continue without saving?",
      "MaxSize": 56,
      "IsDynamic": 0
   },
   {
      "TextID": "STR_NEW_CONTINUE_WITHOUT_SIGNING_IN",
      "Value": "CONTINUE WITHOUT SIGNING IN",
      "MaxSize": 29,
      "IsDynamic": 0
   },
   {
      "TextID": "STR_NEW_SIGN_IN",
      "Value": "SIGN IN",
      "MaxSize": 17,
      "IsDynamic": 0
   },
   {
      "TextID": "STR_NEW_NOT_SIGNED_IN_MESSAGE",
      "Value": "You are not currently signed in with a gamer profile.  You will not be able to save game progress or earn achievements.  Would you like to sign in now?",
      "MaxSize": 178,
      "IsDynamic": 0
   },
   {
      "TextID": "STR_NEW_TITLE_SIGN_IN",
      "Value": "SIGN IN",
      "MaxSize": 17,
      "IsDynamic": 0
   },
   {
      "TextID": "STR_NEW_TITLE_SIGN_IN_CHANGED",
      "Value": "GAMER PROFILE CHANGED",
      "MaxSize": 38,
      "IsDynamic": 0
   },
   {
      "TextID": "STR_NEW_MESSAGE_SIGN_IN_CHANGED",
      "Value": "The active gamer profile has changed. You must return to the main menu.",
      "MaxSize": 94,
      "IsDynamic": 0
   },
   {
      "TextID": "STR_NEW_TITLE_STORAGE_NOT_SELECTED",
      "Value": "STORAGE DEVICE NOT SELECTED",
      "MaxSize": 46,
      "IsDynamic": 0
   },
   {
      "TextID": "STR_NEW_MESSAGE_STORAGE_NOT_SELECTED",
      "Value": "No storage device has been selected.  You will not be able to save game progress.  Would you like to select a storage device now?",
      "MaxSize": 177,
      "IsDynamic": 0
   },
   {
      "TextID": "STR_NEW_OPTION_CONTINUE_WITHOUT_SAVING",
      "Value": "CONTINUE WITHOUT SAVING",
      "MaxSize": 27,
      "IsDynamic": 0
   },
   {
      "TextID": "STR_NEW_OPTION_SELECT_STORAGE_DEVICE",
      "Value": "SELECT STORAGE DEVICE",
      "MaxSize": 43,
      "IsDynamic": 0
   },
   {
      "TextID": "STR_NEW_MESSAGE_STORAGE_NOT_SELECTED_2",
      "Value": "No storage device has been selected.  You must first select a storage device before performing this operation.",
      "MaxSize": 153,
      "IsDynamic": 0
   },
   {
      "TextID": "STR_NEW_TITLE_NO_STORAGE_DEVICE",
      "Value": "STORAGE DEVICE NOT FOUND",
      "MaxSize": 43,
      "IsDynamic": 0
   },
   {
      "TextID": "STR_NEW_MESSAGE_NO_STORAGE_DEVICE",
      "Value": "The current storage device cannot be found. You must select a new storage device to continue.  Would you like to select a storage device?",
      "MaxSize": 183,
      "IsDynamic": 0
   },
   {
      "TextID": "STR_NEW_PROFILE_TITLE_SAVING_GLOBAL",
      "Value": "SAVING HALL OF FAME...",
      "MaxSize": 35,
      "IsDynamic": 0
   },
   {
      "TextID": "STR_NEW_PROFILE_SAVING_GLOBAL",
      "Value": "Saving Hall of Fame.",
      "MaxSize": 66,
      "IsDynamic": 0
   },
   {
      "TextID": "STR_NEW_PROFILE_TITLE_SAVE_GLOBAL",
      "Value": "SAVE HALL OF FAME",
      "MaxSize": 23,
      "IsDynamic": 0
   },
   {
      "TextID": "STR_NEW_PROFILE_SAVE_GLOBAL_SURE",
      "Value": "Would you like to save the high score Hall of Fame?",
      "MaxSize": 62,
      "IsDynamic": 0
   },
   {
      "TextID": "STR_NEW_PROFILE_GLOBAL_OVERWRITE_WARNING",
      "Value": "A high score Hall of Fame already exists on the selected storage device.  Would you like to overwrite this file with the current Hall of Fame?  All previous high scores will be overwritten.",
      "MaxSize": 228,
      "IsDynamic": 0
   },
   {
      "TextID": "STR_NEW_PROFILE_TITLE_LOADING_GLOBAL",
      "Value": "LOADING HALL OF FAME...",
      "MaxSize": 34,
      "IsDynamic": 0
   },
   {
      "TextID": "STR_NEW_PROFILE_LOADING_GLOBAL",
      "Value": "Loading Hall of Fame.",
      "MaxSize": 61,
      "IsDynamic": 0
   },
   {
      "TextID": "STR_NEW_PROFILE_TITLE_LOAD_GLOBAL",
      "Value": "LOAD HALL OF FAME",
      "MaxSize": 22,
      "IsDynamic": 0
   },
   {
      "TextID": "STR_NEW_PROFILE_LOAD_GLOBAL_SURE",
      "Value": "Would you like to load the high score Hall of Fame?  You will lose any unsaved records.",
      "MaxSize": 106,
      "IsDynamic": 0
   },
   {
      "TextID": "STR_NEW_CORRUPT_HOF",
      "Value": "The high score Hall of Fame on the selected storage device is damaged and cannot be loaded.",
      "MaxSize": 129,
      "IsDynamic": 0
   },
   {
      "TextID": "STR_NEW_NO_SPACE_FOR_GLOBAL",
      "Value": "The current storage device does not have enough free space to save the high score Hall of Fame.",
      "MaxSize": 129,
      "IsDynamic": 0
   },
   {
      "TextID": "STR_NEW_SHORTENED_CORRUPT",
      "Value": "Corrupt",
      "MaxSize": 8,
      "IsDynamic": 0
   }
]