[
   {
      "TextID": "STR_WP_QUALIFY",
      "Value": "Qualify in the first two Monster Truck Races to reach the final",
      "MaxSize": 88,
      "IsDynamic": 0
   },
   {
      "TextID": "STR_WP_WIN_FINAL",
      "Value": "Win the Monster Truck final to earn the James P. Sullivan cup!",
      "MaxSize": 76,
      "IsDynamic": 0
   },
   {
      "TextID": "STR_WP_ALREADY_WON",
      "Value": "You have already won the Monster Truck Series.",
      "MaxSize": 56,
      "IsDynamic": 0
   },
   {
      "TextID": "STR_WP_QUALIFY_FOR_SECOND_RACE",
      "Value": "Finish first, second, or third to qualify for the second Monster Truck\u00a0race.",
      "MaxSize": 98,
      "IsDynamic": 0
   },
   {
      "TextID": "STR_WP_QUALIFY_FOR_THIRD_RACE",
      "Value": "Finish first, second, or third to qualify for the third Monster Truck race.",
      "MaxSize": 98,
      "IsDynamic": 0
   },
   {
      "TextID": "STR_WP_WIN_THE_FINAL",
      "Value": "Win the Monster Truck Final to earn the James P. Sullivan cup!",
      "MaxSize": 82,
      "IsDynamic": 0
   }
]